ID_BANDA;BANDA;TITULO;ANIO;ESTILO;FUENTE;DISCO;URL;FLAGS;MATCH
10;AM Afligidos;Bajo tu Misericordia;2024;AM;deezer;Bajo tu Misericordia (Instrumental Version);https://www.deezer.com/track/2609741512;sin_autor_detectado,posible_duplicado,banda_estreno_sin_verificar;0.857
10;AM Afligidos;Caballero Andaluz;2026;AM;deezer;PRIMAVERA PONTANA - AFLIGIDOS;https://www.deezer.com/track/3842523811;sin_autor_detectado,banda_estreno_sin_verificar;
10;AM Afligidos;Enriquetilla;2026;AM;deezer;PRIMAVERA PONTANA - AFLIGIDOS;https://www.deezer.com/track/3842523821;sin_autor_detectado,banda_estreno_sin_verificar;
10;AM Afligidos;Eterna Expiración;2025;AM;deezer;LA MÚSICA PARA EL SEÑOR - AFLIGIDOS - PUENTE GENIL;https://www.deezer.com/track/3288100781;sin_autor_detectado,posible_duplicado,banda_estreno_sin_verificar;0.8
10;AM Afligidos;Franciscana Penitencia;2023;AM;deezer;Y fui tu Costalero... (Acoustic Versions);https://www.deezer.com/track/2560195302;sin_autor_detectado,posible_duplicado,banda_estreno_sin_verificar;0.772
10;AM Afligidos;Gloria al Muerto;2026;AM;deezer;PRIMAVERA PONTANA - AFLIGIDOS;https://www.deezer.com/track/3842523831;sin_autor_detectado,posible_duplicado,banda_estreno_sin_verificar;0.774
10;AM Afligidos;La Música Para El Señor;2025;AM;deezer;LA MÚSICA PARA EL SEÑOR - AFLIGIDOS - PUENTE GENIL;https://www.deezer.com/track/3288100721;sin_autor_detectado,banda_estreno_sin_verificar;
10;AM Afligidos;Lithostrotos;2025;AM;deezer;CONCIERTO SANTA CECILIA 2025 (En Vivo);https://www.deezer.com/track/3745479602;sin_autor_detectado,banda_estreno_sin_verificar;
10;AM Afligidos;Luz de los Afligidos;2024;AM;deezer;Luz de los Afligidos (Instrumental Version);https://www.deezer.com/track/2624087272;sin_autor_detectado,posible_duplicado,banda_estreno_sin_verificar;0.81
10;AM Afligidos;Misterio De La Presentación;2025;AM;deezer;LA MÚSICA PARA EL SEÑOR - AFLIGIDOS - PUENTE GENIL;https://www.deezer.com/track/3288100741;sin_autor_detectado,posible_duplicado,banda_estreno_sin_verificar;0.885
10;AM Afligidos;Plegaria a la Virgen de los Desamparados;2026;AM;deezer;PRIMAVERA PONTANA - AFLIGIDOS;https://www.deezer.com/track/3842523841;sin_autor_detectado,posible_duplicado,banda_estreno_sin_verificar;0.784
10;AM Afligidos;Quiero Ser Pontanés;2026;AM;deezer;PRIMAVERA PONTANA - AFLIGIDOS;https://www.deezer.com/track/3842523801;sin_autor_detectado,banda_estreno_sin_verificar;
10;AM Afligidos;Satispen Tali;2025;AM;deezer;Satispen Tali - Directo;https://www.deezer.com/track/3670517502;sin_autor_detectado,banda_estreno_sin_verificar;
74;AM Carlos III;Himno Cofrade;2009;AM;apple;Entrada Triunfal;https://music.apple.com/es/album/himno-cofrade/301928280?i=301928372&uo=4;sin_autor_detectado,posible_duplicado,banda_estreno_sin_verificar;0.75
74;AM Carlos III;La Salve Cantora;2009;AM;apple;Entrada Triunfal;https://music.apple.com/es/album/la-salve-cantora/301928280?i=301928360&uo=4;sin_autor_detectado,posible_duplicado,banda_estreno_sin_verificar;0.897
117;AM Cautivo;Ángeles de la Salud — en vivo;2021;AM;deezer;Ángeles de la Salud — en vivo;https://www.deezer.com/track/3831841811;sin_autor_detectado,banda_estreno_sin_verificar;
117;AM Cautivo;Azotado en San Juan — en vivo;2025;AM;deezer;Concierto «Mi propio sentir» 2023;https://www.deezer.com/track/3262572241;sin_autor_detectado,banda_estreno_sin_verificar;
117;AM Cautivo;Cada Primavera — en vivo;2025;AM;deezer;Concierto «Mi propio sentir» 2023;https://www.deezer.com/track/3262572281;sin_autor_detectado,posible_duplicado,banda_estreno_sin_verificar;0.778
117;AM Cautivo;Dulce Misericordia — Estreno 2026;2026;AM;deezer;Dulce Misericordia — Estreno 2026;https://www.deezer.com/track/3887464081;sin_autor_detectado,banda_estreno_sin_verificar;
117;AM Cautivo;El Ángel de Getsemaní;2020;AM;deezer;El Ángel de Getsemaní;https://www.deezer.com/track/2919338701;sin_autor_detectado,posible_duplicado,banda_estreno_sin_verificar;0.791
117;AM Cautivo;En tus manos — en vivo;2025;AM;deezer;Concierto «Mi propio sentir» 2023;https://www.deezer.com/track/3262572271;sin_autor_detectado,posible_duplicado,banda_estreno_sin_verificar;0.773
117;AM Cautivo;Eterna Melodía;2024;AM;deezer;Eterna Melodía;https://www.deezer.com/track/2709791752;sin_autor_detectado,banda_estreno_sin_verificar;
117;AM Cautivo;Flagrum — en vivo;2025;AM;deezer;Concierto «Mi propio sentir» 2023;https://www.deezer.com/track/3262572231;sin_autor_detectado,banda_estreno_sin_verificar;
117;AM Cautivo;Granadero;2026;AM;deezer;El compás de Estepona;https://www.deezer.com/track/4075371361;sin_autor_detectado,banda_estreno_sin_verificar;
117;AM Cautivo;La historia de un barrio (cuarteto de cuerda);2025;AM;deezer;La historia de un barrio... en cuarteto de cuerda;https://www.deezer.com/track/3574896191;sin_autor_detectado,banda_estreno_sin_verificar;
117;AM Cautivo;La historia de un barrio — en vivo;2019;AM;deezer;La historia de un barrio — en vivo;https://www.deezer.com/track/3831800511;sin_autor_detectado,posible_duplicado,banda_estreno_sin_verificar;0.857
117;AM Cautivo;La Oración de un pueblo — en vivo;2025;AM;deezer;Concierto «Mi propio sentir» 2023;https://www.deezer.com/track/3262572221;sin_autor_detectado,posible_duplicado,banda_estreno_sin_verificar;0.852
117;AM Cautivo;La paz de tu mirada — en vivo;2025;AM;deezer;Concierto «Mi propio sentir» 2023;https://www.deezer.com/track/3262572251;sin_autor_detectado,posible_duplicado,banda_estreno_sin_verificar;0.826
117;AM Cautivo;La Victoria de Dios — Estreno 2026;2026;AM;deezer;La Victoria de Dios — Estreno 2026;https://www.deezer.com/track/3887397041;sin_autor_detectado,banda_estreno_sin_verificar;
117;AM Cautivo;Legado de Caridad (cuarteto de cuerda);2025;AM;deezer;La historia de un barrio... en cuarteto de cuerda;https://www.deezer.com/track/3574896211;sin_autor_detectado,banda_estreno_sin_verificar;
117;AM Cautivo;Lento (malagueño, 55 bpm);2026;AM;deezer;El compás de Estepona;https://www.deezer.com/track/4075371371;sin_autor_detectado,banda_estreno_sin_verificar;
117;AM Cautivo;Lento (malagueño, 66bpm);2026;AM;deezer;El compás de Estepona;https://www.deezer.com/track/4075371351;sin_autor_detectado,banda_estreno_sin_verificar;
117;AM Cautivo;Mi Oración — en vivo;2025;AM;deezer;Mi Oración — en vivo;https://www.deezer.com/track/3438386761;sin_autor_detectado,banda_estreno_sin_verificar;
117;AM Cautivo;Santísimo Cristo de Hermandad y Caridad;2015;AM;apple;Santísimo Cristo de Hermandad y Caridad - Single;https://music.apple.com/es/album/sant%C3%ADsimo-cristo-de-hermandad-y-caridad/1747474525?i=1747474526&uo=4;sin_autor_detectado,banda_estreno_sin_verificar;
117;AM Cautivo;Santísimo Cristo de Hermandad y Caridad (cuarteto de cuerda);2025;AM;deezer;La historia de un barrio... en cuarteto de cuerda;https://www.deezer.com/track/3574896201;sin_autor_detectado,banda_estreno_sin_verificar;
117;AM Cautivo;Santísimo Cristo de Hermandad y Caridad — en vivo;2025;AM;deezer;Concierto «Mi propio sentir» 2023;https://www.deezer.com/track/3262572211;sin_autor_detectado,banda_estreno_sin_verificar;
117;AM Cautivo;Señor de Santa Ana — Estreno 2026;2026;AM;deezer;Señor de Santa Ana — Estreno 2026;https://www.deezer.com/track/3887463561;sin_autor_detectado,banda_estreno_sin_verificar;
117;AM Cautivo;Sol y Sombra - Julián Bedmar, Miguel Á. Salas y Miguel Mena;2024;AM;deezer;Sol y Sombra - Julián Bedmar, Miguel Á. Salas y Miguel Mena;https://www.deezer.com/track/2932363791;sin_autor_detectado,posible_popurri,banda_estreno_sin_verificar;
40;AM Cristo de Gracia;A tí, Dios Padre (Maqueta);2020;AM;apple;A tí, Dios Padre (Maqueta) - Single;https://music.apple.com/es/album/a-t%C3%AD-dios-padre-maqueta/1531162549?i=1531162550&uo=4;sin_autor_detectado,posible_duplicado,banda_estreno_sin_verificar;0.789
40;AM Cristo de Gracia;Albores;2024;AM;deezer;Certamen CPM Músico Ziryab 2024;https://www.deezer.com/track/2673925132;sin_autor_detectado,banda_estreno_sin_verificar;
40;AM Cristo de Gracia;Córdoba, llena de Gracia;2025;AM;deezer;LA SANTÍSIMA TRINIDAD;https://www.deezer.com/track/3559044621;sin_autor_detectado,banda_estreno_sin_verificar;
40;AM Cristo de Gracia;Mi Esparraguero - Oro y Plata (Sevillana);2014;AM;deezer;Mi Esparraguero - Oro y Plata (Sevillana);https://www.deezer.com/track/2804620812;sin_autor_detectado,banda_estreno_sin_verificar;
49;AM Cristo de la Salud;Al Rey del Pradillo;2026;AM;apple;"Salud; Música Y Vida (En Directo)";https://music.apple.com/es/album/al-rey-del-pradillo-en-directo/1892731150?i=1892731337&uo=4;sin_autor_detectado,posible_duplicado,banda_estreno_sin_verificar;0.8
49;AM Cristo de la Salud;Aprended de Mí;2026;AM;apple;"Salud; Música Y Vida (En Directo)";https://music.apple.com/es/album/aprended-de-mi-en-directo/1892731150?i=1892731324&uo=4;sin_autor_detectado,banda_estreno_sin_verificar;
49;AM Cristo de la Salud;Regazo de Humildad;2026;AM;apple;"Salud; Música Y Vida (En Directo)";https://music.apple.com/es/album/regazo-de-humildad-en-directo/1892731150?i=1892731350&uo=4;sin_autor_detectado,posible_duplicado,banda_estreno_sin_verificar;0.833
49;AM Cristo de la Salud;Salud, música y vida;2026;AM;apple;"Salud; Música Y Vida (En Directo)";https://music.apple.com/es/album/salud-mu-sica-y-vida-en-directo/1892731150?i=1892731152&uo=4;sin_autor_detectado,posible_popurri,posible_duplicado,banda_estreno_sin_verificar;0.774
49;AM Cristo de la Salud;Señor de las Multitudes;2026;AM;apple;"Salud; Música Y Vida (En Directo)";https://music.apple.com/es/album/sen-or-de-las-multitudes-en-directo/1892731150?i=1892731519&uo=4;sin_autor_detectado,banda_estreno_sin_verificar;
49;AM Cristo de la Salud;Sit Semper Nobiscum;2026;AM;apple;"Salud; Música Y Vida (En Directo)";https://music.apple.com/es/album/sit-semper-nobiscum-en-directo/1892731150?i=1892731331&uo=4;sin_autor_detectado,posible_duplicado,banda_estreno_sin_verificar;0.882
49;AM Cristo de la Salud;Soberano de San Francisco;2026;AM;apple;"Salud; Música Y Vida (En Directo)";https://music.apple.com/es/album/soberano-de-san-francisco-en-directo/1892731150?i=1892731508&uo=4;sin_autor_detectado,posible_duplicado,banda_estreno_sin_verificar;0.809
35;AM Dulce Nombre de Jesús;Aleluya Groria a Dios;2025;AM;apple;En tu Dulce Nombre;https://music.apple.com/es/album/aleluya-groria-a-dios/1878273319?i=1878273497&uo=4;sin_autor_detectado,banda_estreno_sin_verificar;
35;AM Dulce Nombre de Jesús;Ante el Hijo de Dios;2025;AM;apple;En tu Dulce Nombre;https://music.apple.com/es/album/ante-el-hijo-de-dios/1878273319?i=1878273484&uo=4;sin_autor_detectado,posible_duplicado,banda_estreno_sin_verificar;0.889
35;AM Dulce Nombre de Jesús;Dulce Jesús Sacramentado;2025;AM;apple;En tu Dulce Nombre;https://music.apple.com/es/album/dulce-jesu-s-sacramentado/1878273319?i=1878273482&uo=4;sin_autor_detectado,posible_duplicado,banda_estreno_sin_verificar;0.857
35;AM Dulce Nombre de Jesús;Hallado en el Templo;2025;AM;apple;En tu Dulce Nombre;https://music.apple.com/es/album/hallado-en-el-templo/1878273319?i=1878273494&uo=4;sin_autor_detectado,banda_estreno_sin_verificar;
35;AM Dulce Nombre de Jesús;Himno de El Dulce Nombre;2025;AM;apple;En tu Dulce Nombre;https://music.apple.com/es/album/himno-de-el-dulce-nombre/1878273319?i=1878273488&uo=4;sin_autor_detectado,posible_duplicado,banda_estreno_sin_verificar;0.809
35;AM Dulce Nombre de Jesús;Himno de España;2025;AM;apple;En tu Dulce Nombre;https://music.apple.com/es/album/himno-de-espan-a/1878273319?i=1878273477&uo=4;sin_autor_detectado,posible_duplicado,banda_estreno_sin_verificar;0.765
35;AM Dulce Nombre de Jesús;Hosanna Rey de la Paz;2025;AM;apple;En tu Dulce Nombre;https://music.apple.com/es/album/hosanna-rey-de-la-paz/1878273319?i=1878273487&uo=4;sin_autor_detectado,posible_duplicado,banda_estreno_sin_verificar;0.769
35;AM Dulce Nombre de Jesús;Jesús entre Los Doctores;2025;AM;apple;En tu Dulce Nombre;https://music.apple.com/es/album/jesu-s-entre-los-doctores/1878273319?i=1878273493&uo=4;sin_autor_detectado,banda_estreno_sin_verificar;
35;AM Dulce Nombre de Jesús;Miércoles Santo en Estepa;2025;AM;apple;En tu Dulce Nombre;https://music.apple.com/es/album/mie-rcoles-santo-en-estepa/1878273319?i=1878273499&uo=4;sin_autor_detectado,banda_estreno_sin_verificar;
35;AM Dulce Nombre de Jesús;Oración de notas y melodías;2025;AM;apple;En tu Dulce Nombre;https://music.apple.com/es/album/oracio-n-de-notas-y-melodi-as/1878273319?i=1878273473&uo=4;sin_autor_detectado,banda_estreno_sin_verificar;
67;AM Dulce Nombre de Jesús;Al Son de Graná;2024;AM;deezer;Al Son de Graná - Live;https://www.deezer.com/track/3160193521;sin_autor_detectado,banda_estreno_sin_verificar;
67;AM Dulce Nombre de Jesús;Cañilla / 100 Años de Realejo;2026;AM;deezer;Cañilla / 100 Años de Realejo (En Vivo);https://www.deezer.com/track/4166430932;sin_autor_detectado,banda_estreno_sin_verificar;
67;AM Dulce Nombre de Jesús;Graná en las Venas;2024;AM;deezer;Graná en las Venas;https://www.deezer.com/track/3156665201;sin_autor_detectado,banda_estreno_sin_verificar;
67;AM Dulce Nombre de Jesús;Nuestro Señor & A.M. Dulce Nombre de Jesús (Granada));2025;AM;apple;Nuestro Señor (feat. Agrupación Musical Nuestro Padre Jesús del Rescate (Granada) & A.M. Dulce Nombre de Jesús (Granada)) [En Vivo] - Single;https://music.apple.com/es/album/nuestro-se%C3%B1or-feat-agrupaci%C3%B3n-musical-nuestro-padre/1807157330?i=1807157331&uo=4;sin_autor_detectado,banda_estreno_sin_verificar;
64;AM Encarnación;A los Pies;2021;AM;deezer;"De la ""Calzá"" a Sevilla";https://www.deezer.com/track/1260640592;sin_autor_detectado,posible_duplicado,banda_estreno_sin_verificar;0.8
64;AM Encarnación;Alma Mía (Salmo 114);2005;AM;apple;A Mi Hermandad;https://music.apple.com/es/album/alma-m%C3%ADa-salmo-114/1557728637?i=1557728860&uo=4;sin_autor_detectado,banda_estreno_sin_verificar;
64;AM Encarnación;Costalero de Nazaret;2024;AM;deezer;Hijos de la Encarnación;https://www.deezer.com/track/2601035402;sin_autor_detectado,posible_duplicado,banda_estreno_sin_verificar;0.769
64;AM Encarnación;El Legado de Nazaret;2026;AM;deezer;El Legado de Nazaret;https://www.deezer.com/track/3919430461;sin_autor_detectado,posible_duplicado,banda_estreno_sin_verificar;0.821
64;AM Encarnación;Reina y Madre de la Encarnación;2021;AM;deezer;"De la ""Calzá"" a Sevilla";https://www.deezer.com/track/1260640572;sin_autor_detectado,posible_duplicado,banda_estreno_sin_verificar;0.893
64;AM Encarnación;Sangre y Costal Cofrade;2012;AM;deezer;Presentación y Sangre. Música de Semana Santa;https://www.deezer.com/track/30040971;sin_autor_detectado,posible_duplicado,banda_estreno_sin_verificar;0.789
64;AM Encarnación;Sentimientos;2009;AM;apple;Reina Marinera;https://music.apple.com/es/album/sentimientos/573375683?i=573375990&uo=4;sin_autor_detectado,banda_estreno_sin_verificar;
64;AM Encarnación;Toques de la Calzá;2025;AM;deezer;El Hijo de la Encarnación. Antología;https://www.deezer.com/track/3722690092;sin_autor_detectado,banda_estreno_sin_verificar;
27;AM Estrella;De tu Mano, Padre;2020;AM;deezer;El Legado de Nuestra Fe;https://www.deezer.com/track/1285425222;sin_autor_detectado,posible_duplicado,banda_estreno_sin_verificar;0.882
27;AM Estrella;Herencia Viva;2020;AM;deezer;El Legado de Nuestra Fe;https://www.deezer.com/track/1285425332;sin_autor_detectado,banda_estreno_sin_verificar;
27;AM Estrella;La Victoria de la Vida;2020;AM;deezer;El Legado de Nuestra Fe;https://www.deezer.com/track/1285425242;sin_autor_detectado,posible_duplicado,banda_estreno_sin_verificar;0.791
27;AM Estrella;Nuestro Legado (Agrupación Musical Juvenil);2020;AM;deezer;El Legado de Nuestra Fe;https://www.deezer.com/track/1285425342;sin_autor_detectado,banda_estreno_sin_verificar;
27;AM Estrella;Salud de San Pablo;2024;AM;deezer;Salud de San Pablo (En vivo);https://www.deezer.com/track/3027018221;sin_autor_detectado,posible_duplicado,banda_estreno_sin_verificar;0.842
27;AM Estrella;Suena la Estrella;2020;AM;deezer;El Legado de Nuestra Fe;https://www.deezer.com/track/1285425252;sin_autor_detectado,posible_duplicado,banda_estreno_sin_verificar;0.848
27;AM Estrella;Sueños de Luna Gitana;2020;AM;deezer;El Legado de Nuestra Fe;https://www.deezer.com/track/1285425162;sin_autor_detectado,banda_estreno_sin_verificar;
57;AM Estrella;Cincuentenario de la Estrella;2022;AM;deezer;40 Aniversario;https://www.deezer.com/track/1713660837;sin_autor_detectado,posible_duplicado,banda_estreno_sin_verificar;0.758
57;AM Estrella;Dame Luz y la Voluntad de Tu Resurrección;2016;AM;deezer;La Estrella Que Nos Ilumina;https://www.deezer.com/track/118590850;sin_autor_detectado,banda_estreno_sin_verificar;
57;AM Estrella;Descendido;2020;AM;deezer;El Sueño de Unos Niños;https://www.deezer.com/track/865507382;sin_autor_detectado,banda_estreno_sin_verificar;
57;AM Estrella;Fúnebre;2022;AM;deezer;¡Oh Bendita Estrella!;https://www.deezer.com/track/1713647357;sin_autor_detectado,banda_estreno_sin_verificar;
57;AM Estrella;La Misión;2020;AM;deezer;El Sueño de Unos Niños;https://www.deezer.com/track/865507492;sin_autor_detectado,banda_estreno_sin_verificar;
57;AM Estrella;Las Puertas de la Gloria;2020;AM;deezer;El Sueño de Unos Niños;https://www.deezer.com/track/865507482;sin_autor_detectado,posible_duplicado,banda_estreno_sin_verificar;0.756
57;AM Estrella;Mater Stella;2022;AM;deezer;Nuestra Música;https://www.deezer.com/track/1713656577;sin_autor_detectado,posible_duplicado,banda_estreno_sin_verificar;0.762
57;AM Estrella;Retransmisión del Paso de Misterio de la Sagrada Cena en Calle Pozuelo;2022;AM;deezer;35 Aniversario;https://www.deezer.com/track/1713679617;sin_autor_detectado,banda_estreno_sin_verificar;
57;AM Estrella;Salva;2023;AM;apple;Salva - EP;https://music.apple.com/es/album/salva/1666994612?i=1666994613&uo=4;sin_autor_detectado,banda_estreno_sin_verificar;
81;AM Estrella;A mi Madre del Cielo y Rey de los Cielos;2005;AM;deezer;Sobre tus hombros, mi Pasión (En Vivo);https://www.deezer.com/track/1357237522;sin_autor_detectado,banda_estreno_sin_verificar;
81;AM Estrella;Amarga Oración;2016;AM;deezer;Pasión Nazarí;https://www.deezer.com/track/1354879012;sin_autor_detectado,posible_duplicado,banda_estreno_sin_verificar;0.778
81;AM Estrella;Comentario A la Decana de Granada;2016;AM;deezer;Pasión Nazarí;https://www.deezer.com/track/1354878882;sin_autor_detectado,banda_estreno_sin_verificar;
81;AM Estrella;Comentario A los músicos del corazón;2016;AM;deezer;Pasión Nazarí;https://www.deezer.com/track/1354879022;sin_autor_detectado,banda_estreno_sin_verificar;
81;AM Estrella;Comentario Al Señor de Granada;2005;AM;deezer;Sobre tus hombros, mi Pasión (En Vivo);https://www.deezer.com/track/1357237632;sin_autor_detectado,banda_estreno_sin_verificar;
81;AM Estrella;Comentario Cautivo en su Prendimiento;2004;AM;deezer;XXV Años de Estrella;https://www.deezer.com/track/1357243442;sin_autor_detectado,posible_duplicado,banda_estreno_sin_verificar;0.825
81;AM Estrella;Comentario Consuelo Gitano;2009;AM;deezer;XXX Años de Historia Musical;https://www.deezer.com/track/1354873422;sin_autor_detectado,banda_estreno_sin_verificar;
81;AM Estrella;Comentario Creo en Ti;2016;AM;deezer;Pasión Nazarí;https://www.deezer.com/track/1354878832;sin_autor_detectado,banda_estreno_sin_verificar;
81;AM Estrella;Comentario El Señor esté con vosotros;2016;AM;deezer;Pasión Nazarí;https://www.deezer.com/track/1354878982;sin_autor_detectado,banda_estreno_sin_verificar;
81;AM Estrella;Comentario Granada;2016;AM;deezer;Pasión Nazarí;https://www.deezer.com/track/1354878942;sin_autor_detectado,banda_estreno_sin_verificar;
81;AM Estrella;Comentario Jesús de la Pasión;2009;AM;deezer;XXX Años de Historia Musical;https://www.deezer.com/track/1354873442;sin_autor_detectado,posible_duplicado,banda_estreno_sin_verificar;0.766
81;AM Estrella;Comentario Los últimos ecos;2005;AM;deezer;Sobre tus hombros, mi Pasión (En Vivo);https://www.deezer.com/track/1357237692;sin_autor_detectado,banda_estreno_sin_verificar;
81;AM Estrella;Comentario Luz de María;2009;AM;deezer;XXX Años de Historia Musical;https://www.deezer.com/track/1354873532;sin_autor_detectado,banda_estreno_sin_verificar;
81;AM Estrella;Comentario Paciencia y Penas;2016;AM;deezer;Pasión Nazarí;https://www.deezer.com/track/1354878922;sin_autor_detectado,banda_estreno_sin_verificar;
81;AM Estrella;Comentario Rubí en la Puerta de la Justicia;2004;AM;deezer;XXV Años de Estrella;https://www.deezer.com/track/1357243362;sin_autor_detectado,posible_duplicado,banda_estreno_sin_verificar;0.853
81;AM Estrella;Comentario Señor de la Humildad;2004;AM;deezer;XXV Años de Estrella;https://www.deezer.com/track/1357243482;sin_autor_detectado,posible_duplicado,banda_estreno_sin_verificar;0.847
81;AM Estrella;Comentario Sentimientos de Pasión;2009;AM;deezer;XXX Años de Historia Musical;https://www.deezer.com/track/1354873462;sin_autor_detectado,posible_duplicado,banda_estreno_sin_verificar;0.8
81;AM Estrella;Comentario Silencio en San Cristóbal;2005;AM;deezer;Sobre tus hombros, mi Pasión (En Vivo);https://www.deezer.com/track/1357237512;sin_autor_detectado,banda_estreno_sin_verificar;
81;AM Estrella;Comentario Una Estrella te consuela;2009;AM;deezer;XXX Años de Historia Musical;https://www.deezer.com/track/1354873502;sin_autor_detectado,posible_duplicado,banda_estreno_sin_verificar;0.814
81;AM Estrella;De tu Estrella hacia el Cielo;2018;AM;deezer;De tu Estrella hacia el Cielo;https://www.deezer.com/track/2651212652;sin_autor_detectado,posible_duplicado,banda_estreno_sin_verificar;0.755
81;AM Estrella;El caminar de tu Pasión;2016;AM;deezer;Pasión Nazarí;https://www.deezer.com/track/1354878892;sin_autor_detectado,banda_estreno_sin_verificar;
81;AM Estrella;Flagellum;2016;AM;deezer;Pasión Nazarí;https://www.deezer.com/track/1354878932;sin_autor_detectado,banda_estreno_sin_verificar;
81;AM Estrella;Himno de la Alegría;2009;AM;deezer;XXX Años de Historia Musical;https://www.deezer.com/track/1354873432;sin_autor_detectado,posible_duplicado,banda_estreno_sin_verificar;0.757
81;AM Estrella;Humilde Señor;2022;AM;deezer;Humilde Señor;https://www.deezer.com/track/2651213502;sin_autor_detectado,posible_duplicado,banda_estreno_sin_verificar;0.828
81;AM Estrella;Jesús de la Pasión a su paso por Plaza Nueva 1;2005;AM;deezer;Sobre tus hombros, mi Pasión (En Vivo);https://www.deezer.com/track/1357237532;sin_autor_detectado,banda_estreno_sin_verificar;
81;AM Estrella;Jesús de la Pasión a su paso por Plaza Nueva 2;2005;AM;deezer;Sobre tus hombros, mi Pasión (En Vivo);https://www.deezer.com/track/1357237552;sin_autor_detectado,banda_estreno_sin_verificar;
81;AM Estrella;Jesús de la Pasión a su paso por Plaza Nueva 3;2005;AM;deezer;Sobre tus hombros, mi Pasión (En Vivo);https://www.deezer.com/track/1357237572;sin_autor_detectado,banda_estreno_sin_verificar;
81;AM Estrella;Jesús de la Pasión a su paso por Plaza Nueva 4;2005;AM;deezer;Sobre tus hombros, mi Pasión (En Vivo);https://www.deezer.com/track/1357237592;sin_autor_detectado,banda_estreno_sin_verificar;
81;AM Estrella;Jesús de la Pasión a su paso por Plaza Nueva 5;2005;AM;deezer;Sobre tus hombros, mi Pasión (En Vivo);https://www.deezer.com/track/1357237612;sin_autor_detectado,banda_estreno_sin_verificar;
81;AM Estrella;La Magia;2024;AM;deezer;La Magia;https://www.deezer.com/track/3125029251;sin_autor_detectado,banda_estreno_sin_verificar;
81;AM Estrella;Plegaria a María Santísima de la Estrella Versión Cantada;1994;AM;apple;Pasión según Granada;https://music.apple.com/es/album/plegaria-a-mar%C3%ADa-sant%C3%ADsima-de-la-estrella-versi%C3%B3n-cantada/1565557711?i=1565557712&uo=4;sin_autor_detectado,banda_estreno_sin_verificar;
81;AM Estrella;Plegaria a María Santísima de la Estrella Versión Instrumental;1994;AM;apple;Pasión según Granada;https://music.apple.com/es/album/plegaria-a-mar%C3%ADa-sant%C3%ADsima-de-la-estrella/1565557711?i=1565558261&uo=4;sin_autor_detectado,banda_estreno_sin_verificar;
81;AM Estrella;Poesía Cantada No me mueve mi Dios para quererte;2005;AM;deezer;Sobre tus hombros, mi Pasión (En Vivo);https://www.deezer.com/track/1357237472;sin_autor_detectado,banda_estreno_sin_verificar;
81;AM Estrella;Señor de lo Imposible;2022;AM;deezer;Señor de lo Imposible;https://www.deezer.com/track/2651210992;sin_autor_detectado,posible_duplicado,banda_estreno_sin_verificar;0.757
37;AM Jesús Despojado;A MI CRISTO GITANO (Piano);2022;AM;deezer;Del Salvador al Cielo;https://www.deezer.com/track/2029315137;sin_autor_detectado,posible_duplicado,banda_estreno_sin_verificar;0.857
37;AM Jesús Despojado;AMARGURA EN EL CALVARIO (Piano);2022;AM;deezer;Del Salvador al Cielo;https://www.deezer.com/track/2029315167;sin_autor_detectado,posible_duplicado,banda_estreno_sin_verificar;0.885
37;AM Jesús Despojado;Amargura,gloria Y Amor (Comentario);2022;AM;deezer;Rey Moreno de los Cielos;https://www.deezer.com/track/2036108387;sin_autor_detectado,posible_popurri,banda_estreno_sin_verificar;
37;AM Jesús Despojado;Amargura Jaenera;2025;AM;deezer;Amargura Jaenera (Live);https://www.deezer.com/track/3260179001;sin_autor_detectado,banda_estreno_sin_verificar;
37;AM Jesús Despojado;Angustias En Tu Regazo (Comentario);2022;AM;deezer;Rey Moreno de los Cielos;https://www.deezer.com/track/2036108437;sin_autor_detectado,posible_duplicado,banda_estreno_sin_verificar;0.8
37;AM Jesús Despojado;Armonia En Tu Trabajadera (Comentario);2022;AM;deezer;Rey Moreno de los Cielos;https://www.deezer.com/track/2036108477;sin_autor_detectado,banda_estreno_sin_verificar;
37;AM Jesús Despojado;Costaleros del Amor (Piano);2022;AM;deezer;Al Dios del Amor;https://www.deezer.com/track/2029292627;sin_autor_detectado,posible_duplicado,banda_estreno_sin_verificar;0.864
37;AM Jesús Despojado;Despojado de Pasión y Amargura;2023;AM;deezer;Despojado de Pasión y Amargura;https://www.deezer.com/track/2297636425;sin_autor_detectado,banda_estreno_sin_verificar;
37;AM Jesús Despojado;El Alma del Salvador;2024;AM;deezer;El Alma del Salvador;https://www.deezer.com/track/2724725681;sin_autor_detectado,posible_duplicado,banda_estreno_sin_verificar;0.8
37;AM Jesús Despojado;El Besó tu Frente;2012;AM;deezer;Despojando Tu Amargura;https://www.deezer.com/track/27523611;sin_autor_detectado,banda_estreno_sin_verificar;
37;AM Jesús Despojado;Ella, Reina del Salvador;2012;AM;deezer;Despojando Tu Amargura;https://www.deezer.com/track/27523651;sin_autor_detectado,posible_duplicado,banda_estreno_sin_verificar;0.837
37;AM Jesús Despojado;EN EL REINO DE TU GLORIA;2019;AM;deezer;LA PROFECÍA;https://www.deezer.com/track/2027646687;sin_autor_detectado,posible_duplicado,banda_estreno_sin_verificar;0.875
37;AM Jesús Despojado;Encierro;2022;AM;deezer;Al Dios del Amor;https://www.deezer.com/track/2029292617;sin_autor_detectado,banda_estreno_sin_verificar;
37;AM Jesús Despojado;GITANO DIVINO (Comentarios);2022;AM;deezer;Del Salvador al Cielo;https://www.deezer.com/track/2029315287;sin_autor_detectado,banda_estreno_sin_verificar;
37;AM Jesús Despojado;Jesús en Jerusalén;2022;AM;deezer;Por tu Caridad te Flagelaron (En Vivo);https://www.deezer.com/track/2077804767;sin_autor_detectado,posible_duplicado,banda_estreno_sin_verificar;0.765
37;AM Jesús Despojado;MAESTRO DE NUESTRA FE;2019;AM;deezer;LA PROFECÍA;https://www.deezer.com/track/2027646627;sin_autor_detectado,posible_duplicado,banda_estreno_sin_verificar;0.829
37;AM Jesús Despojado;No te olvido;2022;AM;apple;No te olvido - Single;https://music.apple.com/es/album/no-te-olvido/1656431934?i=1656431935&uo=4;sin_autor_detectado,banda_estreno_sin_verificar;
37;AM Jesús Despojado;PINTANDO LA VIDA;2019;AM;deezer;LA PROFECÍA;https://www.deezer.com/track/2027646737;sin_autor_detectado,banda_estreno_sin_verificar;
37;AM Jesús Despojado;Plegaria al Señor de la Piedad;2012;AM;deezer;Despojando Tu Amargura;https://www.deezer.com/track/27523561;sin_autor_detectado,posible_duplicado,banda_estreno_sin_verificar;0.857
37;AM Jesús Despojado;RECUERDOS DE UNA PRIMAVERA;2019;AM;deezer;LA PROFECÍA;https://www.deezer.com/track/2027646727;sin_autor_detectado,posible_duplicado,banda_estreno_sin_verificar;0.84
37;AM Jesús Despojado;Rendido a los Pies de Dios;2012;AM;deezer;Despojando Tu Amargura;https://www.deezer.com/track/27523511;sin_autor_detectado,posible_duplicado,banda_estreno_sin_verificar;0.766
37;AM Jesús Despojado;ROSARIUM;2025;AM;deezer;ROSARIUM;https://www.deezer.com/track/3596205742;sin_autor_detectado,banda_estreno_sin_verificar;
37;AM Jesús Despojado;Salida Amarrado a la Columna;2022;AM;deezer;Por tu Caridad te Flagelaron (En Vivo);https://www.deezer.com/track/2077804747;sin_autor_detectado,posible_duplicado,banda_estreno_sin_verificar;0.833
37;AM Jesús Despojado;SALVE FLAMENCA;2022;AM;deezer;Del Salvador al Cielo;https://www.deezer.com/track/2029315227;sin_autor_detectado,banda_estreno_sin_verificar;
37;AM Jesús Despojado;SEÑOR DEL SALVADOR (Piano);2022;AM;deezer;Del Salvador al Cielo;https://www.deezer.com/track/2029315237;sin_autor_detectado,posible_duplicado,banda_estreno_sin_verificar;0.857
37;AM Jesús Despojado;SEÑOR TÚ ERES NUESTRA PASIÓN;2019;AM;deezer;LA PROFECÍA;https://www.deezer.com/track/2027646637;sin_autor_detectado,banda_estreno_sin_verificar;
37;AM Jesús Despojado;Trilogia;2022;AM;deezer;Al Dios del Amor;https://www.deezer.com/track/2029292577;sin_autor_detectado,banda_estreno_sin_verificar;
37;AM Jesús Despojado;VIRGEN DE LOS TOREROS (Interpretado por la Banda de Música);2022;AM;deezer;Del Salvador al Cielo;https://www.deezer.com/track/2029315217;sin_autor_detectado,banda_estreno_sin_verificar;
37;AM Jesús Despojado;Volver a Verte;2024;AM;deezer;Volver a Verte;https://www.deezer.com/track/2724720311;sin_autor_detectado,posible_duplicado,banda_estreno_sin_verificar;0.824
37;AM Jesús Despojado;X Años De Sentimientos (Comentario);2022;AM;deezer;Rey Moreno de los Cielos;https://www.deezer.com/track/2036108347;sin_autor_detectado,banda_estreno_sin_verificar;
37;AM Jesús Despojado;Y la tierra tembló;2022;AM;apple;Y la tierra tembló - Single;https://music.apple.com/es/album/y-la-tierra-tembl%C3%B3/1656255431?i=1656255432&uo=4;sin_autor_detectado,banda_estreno_sin_verificar;
26;AM La Salud;Comentario 1;2023;AM;deezer;Hágase Tu Voluntad;https://www.deezer.com/track/2486439551;sin_autor_detectado,banda_estreno_sin_verificar;
26;AM La Salud;Comentario 2;2023;AM;deezer;Hágase Tu Voluntad;https://www.deezer.com/track/2486439571;sin_autor_detectado,banda_estreno_sin_verificar;
26;AM La Salud;Comentario 3;2023;AM;deezer;Hágase Tu Voluntad;https://www.deezer.com/track/2486439621;sin_autor_detectado,banda_estreno_sin_verificar;
26;AM La Salud;Comentario 4;2023;AM;deezer;Andando y con Sentimiento;https://www.deezer.com/track/2618166812;sin_autor_detectado,banda_estreno_sin_verificar;
26;AM La Salud;Comentario 5;2023;AM;deezer;Hágase Tu Voluntad;https://www.deezer.com/track/2486439671;sin_autor_detectado,banda_estreno_sin_verificar;
26;AM La Salud;Comentario 6;2023;AM;deezer;Hágase Tu Voluntad;https://www.deezer.com/track/2486439691;sin_autor_detectado,banda_estreno_sin_verificar;
26;AM La Salud;Cometario 4;2023;AM;deezer;Hágase Tu Voluntad;https://www.deezer.com/track/2486439651;sin_autor_detectado,banda_estreno_sin_verificar;
26;AM La Salud;Contemplá Su Cara;2023;AM;deezer;Al Alba;https://www.deezer.com/track/2484019821;sin_autor_detectado,banda_estreno_sin_verificar;
26;AM La Salud;Enmanuel;2024;AM;deezer;Señor de la Madrugá;https://www.deezer.com/track/2709882032;sin_autor_detectado,banda_estreno_sin_verificar;
26;AM La Salud;Hágase Tu Voluntad (Plegaria al Señor de la Salud);1998;AM;apple;Hágase Tu Voluntad;https://music.apple.com/es/album/h%C3%A1gase-tu-voluntad-plegaria-al-se%C3%B1or-de-la-salud/1710721787?i=1710723751&uo=4;sin_autor_detectado,banda_estreno_sin_verificar;
26;AM La Salud;Opre, Madre de los Gitanos;2023;AM;apple;Opre, Madre de los Gitanos (En vivo) - Single;https://music.apple.com/es/album/opre-madre-de-los-gitanos-en-vivo/1750726178?i=1750726179&uo=4;sin_autor_detectado,posible_duplicado,banda_estreno_sin_verificar;0.791
26;AM La Salud;Paso de Palio de María Santísima de las Angustias ante el Convento de Sor Angela de la Cruz: Madre de los Gitanos Coronada;2023;AM;deezer;Andando y con Sentimiento;https://www.deezer.com/track/2618166772;sin_autor_detectado,banda_estreno_sin_verificar;
26;AM La Salud;Plegaria al Cristo de la Corona;2023;AM;deezer;Al Alba;https://www.deezer.com/track/2484019841;sin_autor_detectado,banda_estreno_sin_verificar;
26;AM La Salud;Plegaria al Cristo de la Corona (Motete para Quinteto de Viento);2004;AM;apple;Al Alba;https://music.apple.com/es/album/plegaria-al-cristo-de-la-corona-motete-para-quinteto/1710412285?i=1710413364&uo=4;sin_autor_detectado,banda_estreno_sin_verificar;
26;AM La Salud;Plegaria Gitana (Motete para Quinteto de Viento);2004;AM;apple;Al Alba;https://music.apple.com/es/album/plegaria-gitana-motete-para-quinteto-de-viento/1710412285?i=1710412888&uo=4;sin_autor_detectado,banda_estreno_sin_verificar;
26;AM La Salud;Regreso a San Román;2024;AM;deezer;Señor de la Madrugá;https://www.deezer.com/track/2709882052;sin_autor_detectado,banda_estreno_sin_verificar;
26;AM La Salud;Siempre serás nuestro eterno ¡¡Buenos días!!;2021;AM;deezer;Qué grande ser de Ti;https://www.deezer.com/track/1664193932;sin_autor_detectado,banda_estreno_sin_verificar;
26;AM La Salud;Zambra del ruego;2021;AM;deezer;Qué grande ser de Ti;https://www.deezer.com/track/1664193952;sin_autor_detectado,banda_estreno_sin_verificar;
69;AM Lágrimas de Dolores;Bajo tu Mirada (Piano);2024;AM;apple;Nuestra Música: Desde la Orquestación, Vol. 1;https://music.apple.com/es/album/bajo-tu-mirada-piano/1778293942?i=1778293944&uo=4;sin_autor_detectado,posible_duplicado,banda_estreno_sin_verificar;0.824
69;AM Lágrimas de Dolores;El Salvador del Mundo (Orquestación);2024;AM;apple;Nuestra Música: Desde la Orquestación, Vol. 1;https://music.apple.com/es/album/el-salvador-del-mundo-orquestaci%C3%B3n/1778293942?i=1778293950&uo=4;sin_autor_detectado,posible_duplicado,banda_estreno_sin_verificar;0.764
69;AM Lágrimas de Dolores;En Ti Creemos;2022;AM;deezer;En Ti Creemos;https://www.deezer.com/track/1693762617;sin_autor_detectado,banda_estreno_sin_verificar;
69;AM Lágrimas de Dolores;La Esperanza (Orquestación);2024;AM;apple;Nuestra Música: Desde la Orquestación, Vol. 1;https://music.apple.com/es/album/la-esperanza-orquestaci%C3%B3n/1778293942?i=1778293945&uo=4;sin_autor_detectado,banda_estreno_sin_verificar;
69;AM Lágrimas de Dolores;La Profecía del Padre (Orquestación);2024;AM;apple;Nuestra Música: Desde la Orquestación, Vol. 1;https://music.apple.com/es/album/la-profec%C3%ADa-del-padre-orquestaci%C3%B3n/1778293942?i=1778293947&uo=4;sin_autor_detectado,posible_duplicado,banda_estreno_sin_verificar;0.764
69;AM Lágrimas de Dolores;Lacrimas (Orquestación);2024;AM;apple;Nuestra Música: Desde la Orquestación, Vol. 1;https://music.apple.com/es/album/lacrimas-orquestaci%C3%B3n/1778293942?i=1778293948&uo=4;sin_autor_detectado,banda_estreno_sin_verificar;
69;AM Lágrimas de Dolores;"Popurrí ""Magna Mariana""";2024;AM;deezer;Nuestra Música: Desde la Orquestación, Vol. 1;https://www.deezer.com/track/3077959841;sin_autor_detectado,posible_popurri,banda_estreno_sin_verificar;
69;AM Lágrimas de Dolores;"Popurrí ""Magna Mariana"" (Orquestación)";2024;AM;apple;Nuestra Música: Desde la Orquestación, Vol. 1;https://music.apple.com/es/album/popurr%C3%AD-magna-mariana-orquestaci%C3%B3n/1778293942?i=1778293951&uo=4;sin_autor_detectado,posible_popurri,banda_estreno_sin_verificar;
69;AM Lágrimas de Dolores;Presentación de Jesús al Barrio (Orquestación);2024;AM;apple;Nuestra Música: Desde la Orquestación, Vol. 1;https://music.apple.com/es/album/presentaci%C3%B3n-de-jes%C3%BAs-al-barrio-orquestaci%C3%B3n/1778293942?i=1778293946&uo=4;sin_autor_detectado,posible_duplicado,banda_estreno_sin_verificar;0.827
69;AM Lágrimas de Dolores;Tierra Santa (Orquestación);2024;AM;apple;Nuestra Música: Desde la Orquestación, Vol. 1;https://music.apple.com/es/album/tierra-santa-orquestaci%C3%B3n/1778293942?i=1778293949&uo=4;sin_autor_detectado,banda_estreno_sin_verificar;
69;AM Lágrimas de Dolores;Tu Eres Mi Dios;2021;AM;deezer;Tu Eres Mi Dios;https://www.deezer.com/track/3621912622;sin_autor_detectado,posible_duplicado,banda_estreno_sin_verificar;0.812
105;AM María Inmaculada;Procesión Dolorosa de la Calle Real;2012;AM;apple;Gran Poder. La Auténtica Semana Santa en Sevilla.;https://music.apple.com/es/album/procesi%C3%B3n-dolorosa-de-la-calle-real/506968836?i=506969119&uo=4;sin_autor_detectado,posible_duplicado,banda_estreno_sin_verificar;0.833
3;AM Misericordia;Comentario;2009;AM;apple;Misericordia en Tu Esperanza;https://music.apple.com/es/album/comentario/303005456?i=303005461&uo=4;sin_autor_detectado,banda_estreno_sin_verificar;
3;AM Misericordia;Himno Cofrade;2009;AM;apple;Misericordia en Tu Esperanza;https://music.apple.com/es/album/himno-cofrade/303005456?i=303005476&uo=4;sin_autor_detectado,posible_duplicado,banda_estreno_sin_verificar;0.75
48;AM Pasión;Al Que Yo Bese;2025;AM;deezer;La Pasión Según La Pasión;https://www.deezer.com/track/3273365411;sin_autor_detectado,banda_estreno_sin_verificar;
48;AM Pasión;Al Señor del Prendimiento;2025;AM;deezer;La Pasión Según La Pasión;https://www.deezer.com/track/3273365421;sin_autor_detectado,posible_duplicado,banda_estreno_sin_verificar;0.816
48;AM Pasión;Cirineo para Ti;2025;AM;deezer;Lágrimas de Pasión;https://www.deezer.com/track/3270860361;sin_autor_detectado,posible_duplicado,banda_estreno_sin_verificar;0.833
48;AM Pasión;La Pasión del Nazareno;2025;AM;deezer;La Pasión del Nazareno (Directo);https://www.deezer.com/track/3435760081;sin_autor_detectado,posible_duplicado,banda_estreno_sin_verificar;0.818
48;AM Pasión;O FORTUNA;2023;AM;deezer;O FORTUNA (Directo);https://www.deezer.com/track/2544939691;sin_autor_detectado,banda_estreno_sin_verificar;
48;AM Pasión;O Salutaris;2025;AM;deezer;En Tu Pasión;https://www.deezer.com/track/3270859971;sin_autor_detectado,banda_estreno_sin_verificar;
48;AM Pasión;Raphael;2024;AM;deezer;Raphael (Directo);https://www.deezer.com/track/2687966252;sin_autor_detectado,banda_estreno_sin_verificar;
48;AM Pasión;Resurreción;2025;AM;deezer;Lágrimas de Pasión;https://www.deezer.com/track/3270860401;sin_autor_detectado,banda_estreno_sin_verificar;
9;AM Paz y Caridad;Al Cielo el Rey de Santiago;2018;AM;apple;Esperanza en ti;https://music.apple.com/es/album/al-cielo-el-rey-de-santiago/1642006702?i=1642006705&uo=4;sin_autor_detectado,posible_duplicado,banda_estreno_sin_verificar;0.776
9;AM Paz y Caridad;Andalucía;2018;AM;apple;Esperanza en ti;https://music.apple.com/es/album/andaluc%C3%ADa/1642006702?i=1642006712&uo=4;sin_autor_detectado,posible_duplicado,banda_estreno_sin_verificar;0.75
9;AM Paz y Caridad;Añoranzas;2018;AM;apple;Esperanza en ti;https://music.apple.com/es/album/a%C3%B1oranzas/1642006702?i=1642006715&uo=4;sin_autor_detectado,banda_estreno_sin_verificar;
9;AM Paz y Caridad;Costalero del Santo Cristo;2018;AM;apple;Esperanza en ti;https://music.apple.com/es/album/costalero-del-santo-cristo/1642006702?i=1642006704&uo=4;sin_autor_detectado,posible_duplicado,banda_estreno_sin_verificar;0.8
9;AM Paz y Caridad;Costaleros de Gloria;2018;AM;apple;Esperanza en ti;https://music.apple.com/es/album/costaleros-de-gloria/1642006702?i=1642006710&uo=4;sin_autor_detectado,posible_duplicado,banda_estreno_sin_verificar;0.889
9;AM Paz y Caridad;Esperanza de Triana Coronada;2021;AM;deezer;Música para la Esperanza;https://www.deezer.com/track/1498577262;sin_autor_detectado,banda_estreno_sin_verificar;
9;AM Paz y Caridad;Esperanza de Vida;2021;AM;deezer;Música para la Esperanza;https://www.deezer.com/track/1498577212;sin_autor_detectado,posible_duplicado,banda_estreno_sin_verificar;0.85
9;AM Paz y Caridad;Esperanza en ti;2018;AM;apple;Esperanza en ti;https://music.apple.com/es/album/esperanza-en-ti/1642006702?i=1642006703&uo=4;sin_autor_detectado,posible_duplicado,banda_estreno_sin_verificar;0.811
9;AM Paz y Caridad;La Esperanza de Triana;2021;AM;deezer;Música para la Esperanza;https://www.deezer.com/track/1498577232;sin_autor_detectado,posible_duplicado,banda_estreno_sin_verificar;0.884
9;AM Paz y Caridad;La Misión;2021;AM;deezer;Música para la Esperanza;https://www.deezer.com/track/1498577162;sin_autor_detectado,banda_estreno_sin_verificar;
9;AM Paz y Caridad;María Esperanza Nuestra;2021;AM;deezer;Música para la Esperanza;https://www.deezer.com/track/1498577302;sin_autor_detectado,posible_duplicado,banda_estreno_sin_verificar;0.875
9;AM Paz y Caridad;Siempre entre Nosotros;2026;AM;deezer;Siempre entre Nosotros;https://www.deezer.com/track/3886066531;sin_autor_detectado,posible_duplicado,banda_estreno_sin_verificar;0.857
9;AM Paz y Caridad;Siempre la Esperanza;2021;AM;deezer;Música para la Esperanza;https://www.deezer.com/track/1498577282;sin_autor_detectado,posible_duplicado,banda_estreno_sin_verificar;0.773
25;AM Polillas;Caleta;2024;AM;deezer;Caleta | (Directo);https://www.deezer.com/track/2896582071;sin_autor_detectado,banda_estreno_sin_verificar;
25;AM Polillas;Llegó El Domingo De Ramos;2004;AM;deezer;Mater;https://www.deezer.com/track/2877690752;sin_autor_detectado,posible_duplicado,banda_estreno_sin_verificar;0.78
25;AM Polillas;Pater Orantes;2024;AM;deezer;Pater Orantes | (Directo);https://www.deezer.com/track/2929100431;sin_autor_detectado,banda_estreno_sin_verificar;
25;AM Polillas;Por Tu Pueblo, Despojado;2022;AM;deezer;Grabaciones En Directo;https://www.deezer.com/track/2877654612;sin_autor_detectado,posible_duplicado,banda_estreno_sin_verificar;0.769
25;AM Polillas;Quién como Dios;2024;AM;deezer;Quién como Dios;https://www.deezer.com/track/3106121421;sin_autor_detectado,banda_estreno_sin_verificar;
25;AM Polillas;Sentimientos De Plata;2022;AM;deezer;Sentimientos De Plata;https://www.deezer.com/track/2877667892;sin_autor_detectado,posible_duplicado,banda_estreno_sin_verificar;0.837
25;AM Polillas;Suena Cádiz;2024;AM;deezer;Suena Cádiz;https://www.deezer.com/track/3080487881;sin_autor_detectado,banda_estreno_sin_verificar;
2;AM Redención;El Camino, la Verdad y la Vida;2025;AM;deezer;Momentos 2024: Sonando a Córdoba;https://www.deezer.com/track/3295393101;sin_autor_detectado,posible_popurri,posible_duplicado,banda_estreno_sin_verificar;0.892
2;AM Redención;El Pan de Vida;2025;AM;deezer;Momentos 2024: Sonando a Córdoba;https://www.deezer.com/track/3295393131;sin_autor_detectado,posible_duplicado,banda_estreno_sin_verificar;0.8
2;AM Redención;La Conversión;2023;AM;deezer;La Conversión (Live);https://www.deezer.com/track/2555545262;sin_autor_detectado,posible_duplicado,banda_estreno_sin_verificar;0.87
2;AM Redención;Las Cinco Estrellas de tu Cara;2025;AM;deezer;Momentos 2024: Sonando a Córdoba;https://www.deezer.com/track/3295393191;sin_autor_detectado,banda_estreno_sin_verificar;
2;AM Redención;Señor de San Basilio 25 Aniversario;2026;AM;deezer;Señor de San Basilio 25 Aniversario - Live;https://www.deezer.com/track/3897806541;sin_autor_detectado,banda_estreno_sin_verificar;
11;AM Redención;A ti, Sevilla de mis amores;2024;AM;deezer;A ti, Sevilla de mis amores;https://www.deezer.com/track/3164884201;sin_autor_detectado,banda_estreno_sin_verificar;
11;AM Redención;Alemanes con Cardenal Amigo Vallejo. (Blanca Paloma, La Salve Rociera y Espíritu Santo);2026;AM;deezer;El camino a la Coronación;https://www.deezer.com/track/4099035651;sin_autor_detectado,posible_popurri,banda_estreno_sin_verificar;
11;AM Redención;Álvarez Quintero con Entre Cárceles. (Divino Redentor);2026;AM;deezer;El camino a la Coronación;https://www.deezer.com/track/4099035541;sin_autor_detectado,banda_estreno_sin_verificar;
11;AM Redención;Bajada de la rampa del Salvador. (Madre);2026;AM;deezer;El camino a la Coronación;https://www.deezer.com/track/4099035511;sin_autor_detectado,banda_estreno_sin_verificar;
11;AM Redención;Cerca de Ti, Señor;2024;AM;deezer;Redención en Getsemaní;https://www.deezer.com/track/2705234542;sin_autor_detectado,posible_duplicado,banda_estreno_sin_verificar;0.786
11;AM Redención;Con Tu Espíritu;2026;AM;deezer;Con Tu Espíritu;https://www.deezer.com/track/3818671861;sin_autor_detectado,banda_estreno_sin_verificar;
11;AM Redención;Entre Cárceles con Francisco Bruna. (Cristo entre Nosotros);2026;AM;deezer;El camino a la Coronación;https://www.deezer.com/track/4099035551;sin_autor_detectado,banda_estreno_sin_verificar;
11;AM Redención;Fragmento a la Exaltación al 75 Lunes Santo;2024;AM;deezer;Aniversario en Santiago;https://www.deezer.com/track/2705205992;sin_autor_detectado,banda_estreno_sin_verificar;
11;AM Redención;Francisco Bruna. (Redención por Sevilla);2026;AM;deezer;El camino a la Coronación;https://www.deezer.com/track/4099035561;sin_autor_detectado,banda_estreno_sin_verificar;
11;AM Redención;Guarda Jesús a Tus Hijos;2024;AM;deezer;Al Señor de la Redención;https://www.deezer.com/track/2705327952;sin_autor_detectado,posible_duplicado,banda_estreno_sin_verificar;0.857
11;AM Redención;Hernando Colón 1. (Mi Redención a Tus Dolores);2026;AM;deezer;El camino a la Coronación;https://www.deezer.com/track/4099035611;sin_autor_detectado,posible_duplicado,banda_estreno_sin_verificar;0.754
11;AM Redención;Hernando Colón 2. (Alma de Dios);2026;AM;deezer;El camino a la Coronación;https://www.deezer.com/track/4099035621;sin_autor_detectado,banda_estreno_sin_verificar;
11;AM Redención;Hernando Colón 3. (Redención);2026;AM;deezer;El camino a la Coronación;https://www.deezer.com/track/4099035631;sin_autor_detectado,banda_estreno_sin_verificar;
11;AM Redención;Hernando Colón con Alemanes. (Danos la Redención);2026;AM;deezer;El camino a la Coronación;https://www.deezer.com/track/4099035641;sin_autor_detectado,banda_estreno_sin_verificar;
11;AM Redención;Jueves Santo 2022: Cuesta del Bacalao - Monte-Sión;2022;AM;deezer;Jueves Santo 2022: Cuesta del Bacalao - Monte-Sión;https://www.deezer.com/track/1839994647;sin_autor_detectado,banda_estreno_sin_verificar;
11;AM Redención;La Borriquita en la Hermandad de la Sangre;2024;AM;deezer;Lo mejor de nuestra Semana Santa 2023;https://www.deezer.com/track/2657891732;sin_autor_detectado,banda_estreno_sin_verificar;
11;AM Redención;¡Llega la Redención!;2013;AM;deezer;"Agrupación Musical ""Nuestro Padre Jesús de la Redención"" de Sevilla (30 aniversario nueva edición)";https://www.deezer.com/track/3226590371;sin_autor_detectado,posible_duplicado,banda_estreno_sin_verificar;0.778
11;AM Redención;Los Duros Antiguos;2026;AM;deezer;Los Duros Antiguos (feat. Coro de Julio Pardo);https://www.deezer.com/track/3787490412;sin_autor_detectado,banda_estreno_sin_verificar;
11;AM Redención;Madre (Corneta, trompeta y piano);2025;AM;deezer;Madre (Corneta, trompeta y piano);https://www.deezer.com/track/3443803341;sin_autor_detectado,posible_popurri,banda_estreno_sin_verificar;
11;AM Redención;Nuestro Padre Jesús Cautivo y Rescatado por Santa Ana y Barrero;2024;AM;deezer;Lo mejor de nuestra Semana Santa 2023;https://www.deezer.com/track/2657891772;sin_autor_detectado,posible_duplicado,banda_estreno_sin_verificar;0.765
11;AM Redención;Plaza de San Francisco. (A ti, Sevilla de mis amores) [Bendita Tú eres y María Santísima del Rocío];2026;AM;deezer;El camino a la Coronación;https://www.deezer.com/track/4099035581;sin_autor_detectado,posible_popurri,banda_estreno_sin_verificar;
11;AM Redención;Plaza del Salvador. (Blanca Paloma y La Salve Rociera);2026;AM;deezer;El camino a la Coronación;https://www.deezer.com/track/4099035521;sin_autor_detectado,banda_estreno_sin_verificar;
11;AM Redención;Plaza del Salvador con Álvarez Quintero. (Seres de luz);2026;AM;deezer;El camino a la Coronación;https://www.deezer.com/track/4099035531;sin_autor_detectado,banda_estreno_sin_verificar;
11;AM Redención;Salida del Santísimo Cristo de los Afligidos;2024;AM;deezer;Lo mejor de nuestra Semana Santa 2023;https://www.deezer.com/track/2657891812;sin_autor_detectado,posible_duplicado,banda_estreno_sin_verificar;0.857
11;AM Redención;Salida del Señor de la Redención;2024;AM;deezer;Lo mejor de nuestra Semana Santa 2023;https://www.deezer.com/track/2657891692;sin_autor_detectado,posible_duplicado,banda_estreno_sin_verificar;0.857
11;AM Redención;Salida del Señor de la Sagrada Oración;2024;AM;deezer;Lo mejor de nuestra Semana Santa 2023;https://www.deezer.com/track/2657891702;sin_autor_detectado,banda_estreno_sin_verificar;
11;AM Redención;Salve;1994;AM;deezer;Divino Redentor;https://www.deezer.com/track/1102075912;sin_autor_detectado,posible_duplicado,banda_estreno_sin_verificar;0.769
11;AM Redención;Señor de la Esperanza en el Parque Federico García Lorca;2024;AM;deezer;Lo mejor de nuestra Semana Santa 2023;https://www.deezer.com/track/2657891792;sin_autor_detectado,banda_estreno_sin_verificar;
11;AM Redención;Señor de la Esperanza en las Salesianas de Nervión;2024;AM;deezer;Lo mejor de nuestra Semana Santa 2023;https://www.deezer.com/track/2657891712;sin_autor_detectado,banda_estreno_sin_verificar;
11;AM Redención;Señor de la Esperanza por Antonio de Nebrija;2024;AM;deezer;Lo mejor de nuestra Semana Santa 2023;https://www.deezer.com/track/2657891762;sin_autor_detectado,banda_estreno_sin_verificar;
11;AM Redención;Señor de la Oración en la Alameda;2024;AM;deezer;Lo mejor de nuestra Semana Santa 2023;https://www.deezer.com/track/2657891752;sin_autor_detectado,banda_estreno_sin_verificar;
11;AM Redención;Señor de la Oración por la Avenida de la Constitución;2024;AM;deezer;Lo mejor de nuestra Semana Santa 2023;https://www.deezer.com/track/2657891822;sin_autor_detectado,banda_estreno_sin_verificar;
11;AM Redención;Señor de la Redención en la Candelaria;2024;AM;deezer;Lo mejor de nuestra Semana Santa 2023;https://www.deezer.com/track/2657891802;sin_autor_detectado,banda_estreno_sin_verificar;
11;AM Redención;Señor de la Salud y Remedios en Calle Enamorados;2024;AM;deezer;Lo mejor de nuestra Semana Santa 2023;https://www.deezer.com/track/2657891722;sin_autor_detectado,banda_estreno_sin_verificar;
11;AM Redención;Señor de la Salud y Remedios por Calle Mesones;2024;AM;deezer;Lo mejor de nuestra Semana Santa 2023;https://www.deezer.com/track/2657891782;sin_autor_detectado,banda_estreno_sin_verificar;
11;AM Redención;Siempre bajo la luz de Tu mirada, Padre;2024;AM;deezer;Siempre bajo la luz de Tu mirada, Padre;https://www.deezer.com/track/3122313151;sin_autor_detectado,posible_duplicado,banda_estreno_sin_verificar;0.774
11;AM Redención;Siente Redención;2023;AM;deezer;Siente Redención;https://www.deezer.com/track/2285071407;sin_autor_detectado,posible_duplicado,banda_estreno_sin_verificar;0.765
11;AM Redención;Tributo a Paquito. (Espíritu Santo) [Bajo la Luz de Tu Mirada] [Solo de trompeta de Lloran los Clarines y Rocío del Cielo];2026;AM;deezer;El camino a la Coronación;https://www.deezer.com/track/4099035591;sin_autor_detectado,banda_estreno_sin_verificar;
11;AM Redención;UN DÍA EN EL FALLA con La Redención;2023;AM;deezer;UN DÍA EN EL FALLA con La Redención;https://www.deezer.com/track/2595842462;sin_autor_detectado,banda_estreno_sin_verificar;
33;AM San Juan;Ahí Vienen Mis Niños;2018;AM;deezer;40 Años Latiendo;https://www.deezer.com/track/1436127752;sin_autor_detectado,banda_estreno_sin_verificar;
33;AM San Juan;Amor de Mis Remedios;2018;AM;deezer;40 Años Latiendo;https://www.deezer.com/track/1436127802;sin_autor_detectado,posible_duplicado,banda_estreno_sin_verificar;0.78
33;AM San Juan;Cerca de ti Señor;1995;AM;apple;Al Pie De La Cruz;https://music.apple.com/es/album/cerca-de-ti-se%C3%B1or/1802603077?i=1802603081&uo=4;sin_autor_detectado,posible_duplicado,banda_estreno_sin_verificar;0.786
33;AM San Juan;Con Aires de San Juan;2023;AM;deezer;Evangelium;https://www.deezer.com/track/2275407437;sin_autor_detectado,posible_duplicado,banda_estreno_sin_verificar;0.791
33;AM San Juan;De Sangre Costalera;2018;AM;deezer;40 Años Latiendo;https://www.deezer.com/track/1436127772;sin_autor_detectado,posible_duplicado,banda_estreno_sin_verificar;0.765
33;AM San Juan;Discípulos de Tu Amor;2018;AM;deezer;40 Años Latiendo;https://www.deezer.com/track/1436127892;sin_autor_detectado,posible_duplicado,banda_estreno_sin_verificar;0.818
33;AM San Juan;El Cristo;2018;AM;deezer;40 Años Latiendo;https://www.deezer.com/track/1436127862;sin_autor_detectado,posible_duplicado,banda_estreno_sin_verificar;0.8
33;AM San Juan;El Legado de Dios;2018;AM;deezer;40 Años Latiendo;https://www.deezer.com/track/1436127782;sin_autor_detectado,posible_duplicado,banda_estreno_sin_verificar;0.857
33;AM San Juan;El Sirviente de la Gloria;2018;AM;deezer;40 Años Latiendo;https://www.deezer.com/track/1436127792;sin_autor_detectado,posible_duplicado,banda_estreno_sin_verificar;0.773
33;AM San Juan;La Resurrección de Cristo;2018;AM;deezer;40 Años Latiendo;https://www.deezer.com/track/1436127842;sin_autor_detectado,posible_duplicado,banda_estreno_sin_verificar;0.851
33;AM San Juan;Madre de las Almas;2018;AM;deezer;40 Años Latiendo;https://www.deezer.com/track/1436127822;sin_autor_detectado,posible_duplicado,banda_estreno_sin_verificar;0.865
33;AM San Juan;Madre Eterna;2018;AM;deezer;40 Años Latiendo;https://www.deezer.com/track/1436127872;sin_autor_detectado,posible_duplicado,banda_estreno_sin_verificar;0.8
33;AM San Juan;Mémora;2025;AM;deezer;Mémora (En vivo);https://www.deezer.com/track/3413983491;sin_autor_detectado,banda_estreno_sin_verificar;
33;AM San Juan;Mi Último Adios;2018;AM;deezer;40 Años Latiendo;https://www.deezer.com/track/1436127832;sin_autor_detectado,banda_estreno_sin_verificar;
33;AM San Juan;Sobre Tu Altar de Plata;2018;AM;deezer;40 Años Latiendo;https://www.deezer.com/track/1436127882;sin_autor_detectado,banda_estreno_sin_verificar;
200;AM Santa Cruz;25 de Diciembre;2017;AM;apple;Navidades con Santa Cruz;https://music.apple.com/es/album/25-de-diciembre/1607529764?i=1607529773&uo=4;sin_autor_detectado,banda_estreno_sin_verificar;
200;AM Santa Cruz;Atardece tras de Ti;2004;AM;apple;Y de Huelva al cielo;https://music.apple.com/es/album/atardece-tras-de-ti/1683942762?i=1683942765&uo=4;sin_autor_detectado,banda_estreno_sin_verificar;
200;AM Santa Cruz;Ay, Chiquirritín;2017;AM;apple;Navidades con Santa Cruz;https://music.apple.com/es/album/ay-chiquirrit%C3%ADn/1607529764?i=1607529780&uo=4;sin_autor_detectado,banda_estreno_sin_verificar;
200;AM Santa Cruz;Campana sobre Campana;2017;AM;apple;Navidades con Santa Cruz;https://music.apple.com/es/album/campana-sobre-campana/1607529764?i=1607529778&uo=4;sin_autor_detectado,banda_estreno_sin_verificar;
200;AM Santa Cruz;Campanitas del Lugar;2017;AM;apple;Navidades con Santa Cruz;https://music.apple.com/es/album/campanitas-del-lugar/1607529764?i=1607529776&uo=4;sin_autor_detectado,banda_estreno_sin_verificar;
200;AM Santa Cruz;Carita Divina;2017;AM;apple;Navidades con Santa Cruz;https://music.apple.com/es/album/carita-divina/1607529764?i=1607529769&uo=4;sin_autor_detectado,posible_duplicado,banda_estreno_sin_verificar;0.75
200;AM Santa Cruz;Cerca de ti, Señor;2006;AM;apple;V Aniversario;https://music.apple.com/es/album/cerca-de-ti-se%C3%B1or/1653670601?i=1653670792&uo=4;sin_autor_detectado,posible_duplicado,banda_estreno_sin_verificar;0.786
200;AM Santa Cruz;De Jazmines y Azahar;2023;AM;apple;De Jazmines y Azahar - En directo - Single;https://music.apple.com/es/album/de-jazmines-y-azahar-en-directo/1668344923?i=1668344924&uo=4;sin_autor_detectado,banda_estreno_sin_verificar;
200;AM Santa Cruz;En el Cielo se arriendan Balcones;2017;AM;apple;Navidades con Santa Cruz;https://music.apple.com/es/album/en-el-cielo-se-arriendan-balcones/1607529764?i=1607529772&uo=4;sin_autor_detectado,banda_estreno_sin_verificar;
200;AM Santa Cruz;Está Nevando;2017;AM;apple;Navidades con Santa Cruz;https://music.apple.com/es/album/est%C3%A1-nevando/1607529764?i=1607529771&uo=4;sin_autor_detectado,banda_estreno_sin_verificar;
200;AM Santa Cruz;Esta Noche nace el Niño;2017;AM;apple;Navidades con Santa Cruz;https://music.apple.com/es/album/esta-noche-nace-el-ni%C3%B1o/1607529764?i=1607529774&uo=4;sin_autor_detectado,banda_estreno_sin_verificar;
200;AM Santa Cruz;Gatatumba;2017;AM;apple;Navidades con Santa Cruz;https://music.apple.com/es/album/gatatumba/1607529764?i=1607529781&uo=4;sin_autor_detectado,banda_estreno_sin_verificar;
200;AM Santa Cruz;Gozos de la Inmaculada;2006;AM;apple;V Aniversario;https://music.apple.com/es/album/gozos-de-la-inmaculada/1653670601?i=1653670794&uo=4;sin_autor_detectado,banda_estreno_sin_verificar;
200;AM Santa Cruz;Himno Cofrade;2004;AM;apple;Y de Huelva al cielo;https://music.apple.com/es/album/himno-cofrade/1683942762?i=1683943105&uo=4;sin_autor_detectado,posible_duplicado,banda_estreno_sin_verificar;0.75
200;AM Santa Cruz;La luna brilla en tu mirada;2004;AM;apple;Y de Huelva al cielo;https://music.apple.com/es/album/la-luna-brilla-en-tu-mirada/1683942762?i=1683943104&uo=4;sin_autor_detectado,banda_estreno_sin_verificar;
200;AM Santa Cruz;La Marimorena;2017;AM;apple;Navidades con Santa Cruz;https://music.apple.com/es/album/la-marimorena/1607529764?i=1607529779&uo=4;sin_autor_detectado,banda_estreno_sin_verificar;
200;AM Santa Cruz;La Redención;2006;AM;apple;V Aniversario;https://music.apple.com/es/album/la-redenci%C3%B3n/1653670601?i=1653670789&uo=4;sin_autor_detectado,posible_duplicado,banda_estreno_sin_verificar;0.857
200;AM Santa Cruz;La Virgen y San José;2017;AM;apple;Navidades con Santa Cruz;https://music.apple.com/es/album/la-virgen-y-san-jos%C3%A9/1607529764?i=1607529777&uo=4;sin_autor_detectado,banda_estreno_sin_verificar;
200;AM Santa Cruz;Los Peces en el Río;2017;AM;apple;Navidades con Santa Cruz;https://music.apple.com/es/album/los-peces-en-el-r%C3%ADo/1607529764?i=1607529770&uo=4;sin_autor_detectado,banda_estreno_sin_verificar;
200;AM Santa Cruz;Navidad Navidad;2017;AM;apple;Navidades con Santa Cruz;https://music.apple.com/es/album/navidad-navidad/1607529764?i=1607529765&uo=4;sin_autor_detectado,banda_estreno_sin_verificar;
200;AM Santa Cruz;Sueña Santa Cruz;2023;AM;apple;Sueña Santa Cruz - En directo - Single;https://music.apple.com/es/album/sue%C3%B1a-santa-cruz-en-directo/1668356956?i=1668356957&uo=4;sin_autor_detectado,posible_duplicado,banda_estreno_sin_verificar;0.828
200;AM Santa Cruz;Y Pilatos te condena;2004;AM;apple;Y de Huelva al cielo;https://music.apple.com/es/album/y-pilatos-te-condena/1683942762?i=1683943103&uo=4;sin_autor_detectado,posible_duplicado,banda_estreno_sin_verificar;0.78
200;AM Santa Cruz;Ya vienen los Reyes Magos;2017;AM;apple;Navidades con Santa Cruz;https://music.apple.com/es/album/ya-vienen-los-reyes-magos/1607529764?i=1607529775&uo=4;sin_autor_detectado,banda_estreno_sin_verificar;
22;AM Santa María Magdalena;Campanilleros;2024;AM;deezer;Salud De San Bernardo;https://www.deezer.com/track/3145814311;sin_autor_detectado,banda_estreno_sin_verificar;
22;AM Santa María Magdalena;Cerca de Ti, Señor;2024;AM;deezer;Cerca de Ti;https://www.deezer.com/track/3145828531;sin_autor_detectado,posible_duplicado,banda_estreno_sin_verificar;0.786
22;AM Santa María Magdalena;Crucificado de la Esperanza;2024;AM;deezer;Nuestro Directo;https://www.deezer.com/track/3145248881;sin_autor_detectado,posible_duplicado,banda_estreno_sin_verificar;0.816
22;AM Santa María Magdalena;Dios es Amor y Esperanza en la Tierra;2024;AM;deezer;Nuestro Directo;https://www.deezer.com/track/3145248811;sin_autor_detectado,banda_estreno_sin_verificar;
22;AM Santa María Magdalena;El Pan de los Pobres;2024;AM;deezer;Nuestro Directo;https://www.deezer.com/track/3145248931;sin_autor_detectado,banda_estreno_sin_verificar;
22;AM Santa María Magdalena;"""Elogio"" por Pascual González";2024;AM;deezer;Cerca de Ti;https://www.deezer.com/track/3145828501;sin_autor_detectado,banda_estreno_sin_verificar;
22;AM Santa María Magdalena;Flores de Talco a Rocío (Gustavo Pedrero y Tamborileros Limón);2026;AM;deezer;El Rocío (Concierto);https://www.deezer.com/track/4038738011;sin_autor_detectado,banda_estreno_sin_verificar;
22;AM Santa María Magdalena;Himno a Nuestro Padre Jesús Nazareno de Arahal;2024;AM;deezer;Salud De San Bernardo;https://www.deezer.com/track/3145814281;sin_autor_detectado,posible_duplicado,banda_estreno_sin_verificar;0.878
22;AM Santa María Magdalena;Himno al Santisimo Cristo de la Misericordia de el Arahal;1991;AM;apple;Misericordia;https://music.apple.com/es/album/himno-al-santisimo-cristo-de-la-misericordia-de-el-arahal/1723378562?i=1723378576&uo=4;sin_autor_detectado,posible_duplicado,banda_estreno_sin_verificar;0.871
22;AM Santa María Magdalena;La Misión;2025;AM;deezer;Nuestro Directo (VOL.II);https://www.deezer.com/track/3684077562;sin_autor_detectado,banda_estreno_sin_verificar;
22;AM Santa María Magdalena;Perdona a tu Pueblo, Señor;2025;AM;deezer;Nuestro Directo (VOL.II);https://www.deezer.com/track/3684077722;sin_autor_detectado,posible_duplicado,banda_estreno_sin_verificar;0.864
22;AM Santa María Magdalena;Plegaria al Santisimo Cristo;2002;AM;apple;La Música del Señor;https://music.apple.com/es/album/plegaria-al-santisimo-cristo/1743235309?i=1743235913&uo=4;sin_autor_detectado,banda_estreno_sin_verificar;
22;AM Santa María Magdalena;Salve Regina;2024;AM;deezer;Salud De San Bernardo;https://www.deezer.com/track/3145814341;sin_autor_detectado,posible_duplicado,banda_estreno_sin_verificar;0.769
22;AM Santa María Magdalena;Salve Rociera;1991;AM;apple;Misericordia;https://music.apple.com/es/album/salve-rociera/1723378562?i=1723378960&uo=4;sin_autor_detectado,posible_duplicado,banda_estreno_sin_verificar;0.815
22;AM Santa María Magdalena;Salve Rociera (Gustavo Pedrero y Tamborileros Limón);2026;AM;deezer;El Rocío (Concierto);https://www.deezer.com/track/4038738021;sin_autor_detectado,banda_estreno_sin_verificar;
22;AM Santa María Magdalena;Tamtu Ergo;2024;AM;deezer;Salud De San Bernardo;https://www.deezer.com/track/3145814301;sin_autor_detectado,posible_duplicado,banda_estreno_sin_verificar;0.857
28;AM Sentencia;El Misterio de la Stma. Trinidad;2011;AM;apple;30 años;https://music.apple.com/es/album/el-misterio-de-la-stma-trinidad/1789825379?i=1789825384&uo=4;sin_autor_detectado,banda_estreno_sin_verificar;
28;AM Sentencia;El Refugio de tu Mirada;2024;AM;apple;El Refugio de tu Mirada (En vivo) - Single;https://music.apple.com/es/album/el-refugio-de-tu-mirada-en-vivo/1770431750?i=1770431753&uo=4;sin_autor_detectado,posible_duplicado,banda_estreno_sin_verificar;0.826
28;AM Sentencia;La Devoción de tu Barrio;2024;AM;apple;La Devoción de tu Barrio (En vivo) - Single;https://music.apple.com/es/album/la-devoci%C3%B3n-de-tu-barrio-en-vivo/1774398423?i=1774398424&uo=4;sin_autor_detectado,posible_duplicado,banda_estreno_sin_verificar;0.773
28;AM Sentencia;Palabra de Salvación;2024;AM;apple;Palabra de Salvación (En vivo) - Single;https://music.apple.com/es/album/palabra-de-salvaci%C3%B3n-en-vivo/1774399652?i=1774399653&uo=4;sin_autor_detectado,posible_duplicado,banda_estreno_sin_verificar;0.789
28;AM Sentencia;Patrem et Filium;2024;AM;apple;Patrem et Filium (En vivo) - Single;https://music.apple.com/es/album/patrem-et-filium-en-vivo/1769124798?i=1769125101&uo=4;sin_autor_detectado,banda_estreno_sin_verificar;
28;AM Sentencia;Popurrí XLV Aniversario;2026;AM;apple;Popurrí XLV Aniversario (En vivo) - EP;https://music.apple.com/es/album/popurr%C3%AD-xlv-aniversario-en-vivo/1880106001?i=1880106003&uo=4;sin_autor_detectado,posible_popurri,banda_estreno_sin_verificar;
28;AM Sentencia;Ser de Ti;2024;AM;apple;Ser de Ti (En vivo) - Single;https://music.apple.com/es/album/ser-de-ti-en-vivo/1774399149?i=1774399150&uo=4;sin_autor_detectado,posible_duplicado,banda_estreno_sin_verificar;0.8
28;AM Sentencia;Soberano en su Poder;2024;AM;apple;Soberano en su Poder (En vivo) - Single;https://music.apple.com/es/album/soberano-en-su-poder-en-vivo/1773369635?i=1773369636&uo=4;sin_autor_detectado,posible_duplicado,banda_estreno_sin_verificar;0.824
84;AM Soledad;Real;2005;AM;apple;Sones de Soledad;https://music.apple.com/es/album/marcha-real/1531814650?i=1531814888&uo=4;sin_autor_detectado,banda_estreno_sin_verificar;
110;AM Vera Cruz;Alhaurín el Grande está de fiesta;2026;AM;deezer;Alhaurín el Grande está de fiesta;https://www.deezer.com/track/3995673671;sin_autor_detectado,banda_estreno_sin_verificar;
110;AM Vera Cruz;Cirineos del Señor;2026;AM;deezer;Cirineos del Señor;https://www.deezer.com/track/3910421161;sin_autor_detectado,posible_duplicado,banda_estreno_sin_verificar;0.821
110;AM Vera Cruz;Jesús en cruz, María;2025;AM;deezer;La Vera Cruz de Campillo - Vera Cruz;https://www.deezer.com/track/3840164421;sin_autor_detectado,banda_estreno_sin_verificar;
110;AM Vera Cruz;Jesús es crucificado;2025;AM;deezer;La Vera Cruz de Campillo - Vera Cruz;https://www.deezer.com/track/3840164381;sin_autor_detectado,posible_duplicado,banda_estreno_sin_verificar;0.778
110;AM Vera Cruz;Jesús muere en la cruz;2025;AM;deezer;La Vera Cruz de Campillo - Vera Cruz;https://www.deezer.com/track/3840164331;sin_autor_detectado,posible_duplicado,banda_estreno_sin_verificar;0.821
6;AM Virgen de los Reyes;1980 Llegan los Reyes;2022;AM;apple;1980 Llegan los Reyes - Single;https://music.apple.com/es/album/1980-llegan-los-reyes/1725572251?i=1725572252&uo=4;sin_autor_detectado,banda_estreno_sin_verificar;
6;AM Virgen de los Reyes;25 de Diciembre;2008;AM;deezer;Ya Vienen los Reyes;https://www.deezer.com/track/11003728;sin_autor_detectado,banda_estreno_sin_verificar;
6;AM Virgen de los Reyes;A Belén Pastores;2008;AM;deezer;Ya Vienen los Reyes;https://www.deezer.com/track/11003731;sin_autor_detectado,banda_estreno_sin_verificar;
6;AM Virgen de los Reyes;A mis niños de 30 años;2023;AM;apple;Tiene un Color Especial;https://music.apple.com/es/album/a-mis-ni%C3%B1os-de-30-a%C3%B1os/1723321755?i=1723322181&uo=4;sin_autor_detectado,banda_estreno_sin_verificar;
6;AM Virgen de los Reyes;Adeste Fideles;2008;AM;deezer;Ya Vienen los Reyes;https://www.deezer.com/track/11003725;sin_autor_detectado,banda_estreno_sin_verificar;
6;AM Virgen de los Reyes;Al Jesús de Híspalis;2023;AM;apple;Concierto Basílica Macarena (Directo Macarena);https://music.apple.com/es/album/al-jes%C3%BAs-de-h%C3%ADspalis-directo-macarena/1761578395?i=1761578402&uo=4;sin_autor_detectado,banda_estreno_sin_verificar;
6;AM Virgen de los Reyes;Al Jesús de Híspalis [Piano];2025;AM;apple;Melodías de primavera (feat. Javier López Mansilla);https://music.apple.com/es/album/al-jes%C3%BAs-de-h%C3%ADspalis-feat-javier-l%C3%B3pez-mansilla-piano/1823659952?i=1823659960&uo=4;sin_autor_detectado,banda_estreno_sin_verificar;
6;AM Virgen de los Reyes;Al Rey de los Reyes [Piano];2025;AM;apple;Melodías de primavera (feat. Javier López Mansilla);https://music.apple.com/es/album/al-rey-de-los-reyes-feat-javier-l%C3%B3pez-mansilla-piano/1823659952?i=1823659954&uo=4;sin_autor_detectado,posible_duplicado,banda_estreno_sin_verificar;0.864
6;AM Virgen de los Reyes;Allegro Christmas;2008;AM;deezer;Ya Vienen los Reyes;https://www.deezer.com/track/11003727;sin_autor_detectado,banda_estreno_sin_verificar;
6;AM Virgen de los Reyes;Alma de Dios-Directo;2011;AM;deezer;Las 30 Marchas de Oro de La Agrupación Musical Virgen de Los Reyes (Sevilla);https://www.deezer.com/track/15205214;sin_autor_detectado,posible_duplicado,banda_estreno_sin_verificar;0.75
6;AM Virgen de los Reyes;Alma Nuestra [Piano];2025;AM;apple;Melodías de primavera (feat. Javier López Mansilla);https://music.apple.com/es/album/alma-nuestra-feat-javier-l%C3%B3pez-mansilla-piano/1823659952?i=1823659958&uo=4;sin_autor_detectado,posible_duplicado,banda_estreno_sin_verificar;0.8
6;AM Virgen de los Reyes;Anavah [Piano];2025;AM;apple;Melodías de primavera (feat. Javier López Mansilla);https://music.apple.com/es/album/anavah-feat-javier-l%C3%B3pez-mansilla-piano/1823659952?i=1823659959&uo=4;sin_autor_detectado,banda_estreno_sin_verificar;
6;AM Virgen de los Reyes;¡Ay del Chiquirritín!;2008;AM;deezer;Ya Vienen los Reyes;https://www.deezer.com/track/11003732;sin_autor_detectado,banda_estreno_sin_verificar;
6;AM Virgen de los Reyes;Ay Ho;2007;AM;apple;Para los Reyes de la Casa;https://music.apple.com/es/album/ay-ho/1657713137?i=1657713467&uo=4;sin_autor_detectado,banda_estreno_sin_verificar;
6;AM Virgen de los Reyes;Bajo el Mar;2007;AM;apple;Para los Reyes de la Casa;https://music.apple.com/es/album/bajo-el-mar/1657713137?i=1657713526&uo=4;sin_autor_detectado,banda_estreno_sin_verificar;
6;AM Virgen de los Reyes;Bamboleo;2023;AM;apple;Tiene un Color Especial;https://music.apple.com/es/album/bamboleo/1723321755?i=1723322193&uo=4;sin_autor_detectado,banda_estreno_sin_verificar;
6;AM Virgen de los Reyes;Camela;2024;AM;apple;Camela - Single;https://music.apple.com/es/album/camela/1786016453?i=1786016454&uo=4;sin_autor_detectado,banda_estreno_sin_verificar;
6;AM Virgen de los Reyes;Caminando Va por Tientos;2011;AM;deezer;Las 30 Marchas de Oro de La Agrupación Musical Virgen de Los Reyes (Sevilla);https://www.deezer.com/track/15205215;sin_autor_detectado,posible_duplicado,banda_estreno_sin_verificar;0.783
6;AM Virgen de los Reyes;Caminando van por tientos;2009;AM;apple;Y al Tercer Día...;https://music.apple.com/es/album/caminando-van-por-tientos/1608910389?i=1608910396&uo=4;sin_autor_detectado,posible_duplicado,banda_estreno_sin_verificar;0.781
6;AM Virgen de los Reyes;Campeones;2007;AM;apple;Para los Reyes de la Casa;https://music.apple.com/es/album/campeones/1657713137?i=1657713377&uo=4;sin_autor_detectado,banda_estreno_sin_verificar;
6;AM Virgen de los Reyes;Coco Guagua;2007;AM;apple;Para los Reyes de la Casa;https://music.apple.com/es/album/coco-guagua/1657713137?i=1657713466&uo=4;sin_autor_detectado,banda_estreno_sin_verificar;
6;AM Virgen de los Reyes;Contigo [Piano];2025;AM;apple;Melodías de primavera (feat. Javier López Mansilla);https://music.apple.com/es/album/contigo-feat-javier-l%C3%B3pez-mansilla-piano/1823659952?i=1823659956&uo=4;sin_autor_detectado,banda_estreno_sin_verificar;
6;AM Virgen de los Reyes;Creadores de Sueños;2020;AM;apple;Yo me quedo en casa (En Vivo);https://music.apple.com/es/album/creadores-de-sue%C3%B1os-en-vivo/1605613224?i=1605613227&uo=4;sin_autor_detectado,banda_estreno_sin_verificar;
6;AM Virgen de los Reyes;De Belén a Andalucía;2008;AM;deezer;Ya Vienen los Reyes;https://www.deezer.com/track/11003723;sin_autor_detectado,banda_estreno_sin_verificar;
6;AM Virgen de los Reyes;Dime Niño;2008;AM;deezer;Ya Vienen los Reyes;https://www.deezer.com/track/11003726;sin_autor_detectado,banda_estreno_sin_verificar;
6;AM Virgen de los Reyes;DIVINO PERDÓN EN LOS DESAMPARADOS 2024;2026;AM;apple;SUENA SEVILLA, Vol. I (Directo Semana Santa);https://music.apple.com/es/album/divino-perd%C3%B3n-en-los-desamparados-2024-directo/1874796338?i=1874796566&uo=4;sin_autor_detectado,banda_estreno_sin_verificar;
6;AM Virgen de los Reyes;DIVINO PERDÓN EN OBRADOIRO 2025;2026;AM;apple;SUENA SEVILLA, Vol. I (Directo Semana Santa);https://music.apple.com/es/album/divino-perd%C3%B3n-en-obradoiro-2025-directo/1874796338?i=1874796348&uo=4;sin_autor_detectado,banda_estreno_sin_verificar;
6;AM Virgen de los Reyes;El Belén de Arguijo;2008;AM;deezer;Ya Vienen los Reyes;https://www.deezer.com/track/11003734;sin_autor_detectado,banda_estreno_sin_verificar;
6;AM Virgen de los Reyes;El Credo Juan Carlos Aragón;2021;AM;apple;El Credo Juan Carlos Aragón - Single;https://music.apple.com/es/album/el-credo-juan-carlos-arag%C3%B3n/1600089947?i=1600089949&uo=4;sin_autor_detectado,banda_estreno_sin_verificar;
6;AM Virgen de los Reyes;El Galeón del Cedrón;2026;AM;apple;CUARESMA 2026 (En Vivo);https://music.apple.com/es/album/el-gale%C3%B3n-del-cedr%C3%B3n-en-vivo-en-la-milagrosa-2026/1885929514?i=1885929515&uo=4;sin_autor_detectado,posible_duplicado,banda_estreno_sin_verificar;0.756
6;AM Virgen de los Reyes;El León de Judá [Piano];2025;AM;apple;Melodías de primavera (feat. Javier López Mansilla);https://music.apple.com/es/album/el-le%C3%B3n-de-jud%C3%A1-feat-javier-l%C3%B3pez-mansilla-piano/1823659952?i=1823659955&uo=4;sin_autor_detectado,posible_duplicado,banda_estreno_sin_verificar;0.833
6;AM Virgen de los Reyes;El Libro de la Selva;2007;AM;apple;Para los Reyes de la Casa;https://music.apple.com/es/album/el-libro-de-la-selva/1657713137?i=1657713376&uo=4;sin_autor_detectado,banda_estreno_sin_verificar;
6;AM Virgen de los Reyes;El Tamborilero;2008;AM;deezer;Ya Vienen los Reyes;https://www.deezer.com/track/11003735;sin_autor_detectado,banda_estreno_sin_verificar;
6;AM Virgen de los Reyes;ENTRADA JESÚS DESPOJADO 2025;2026;AM;apple;SUENA SEVILLA, Vol. I (Directo Semana Santa);https://music.apple.com/es/album/entrada-jes%C3%BAs-despojado-2025-directo/1874796338?i=1874796339&uo=4;sin_autor_detectado,banda_estreno_sin_verificar;
6;AM Virgen de los Reyes;ENTRADA SAN GONZALO 2023;2026;AM;apple;SUENA SEVILLA, Vol. I (Directo Semana Santa);https://music.apple.com/es/album/entrada-san-gonzalo-2023-directo/1874796338?i=1874796344&uo=4;sin_autor_detectado,banda_estreno_sin_verificar;
6;AM Virgen de los Reyes;Esperanza, Vida y Macarena;2023;AM;apple;Concierto Basílica Macarena (Directo Macarena);https://music.apple.com/es/album/esperanza-vida-y-macarena-directo-macarena/1761578395?i=1761578405&uo=4;sin_autor_detectado,posible_popurri,posible_duplicado,banda_estreno_sin_verificar;0.889
6;AM Virgen de los Reyes;Esperanza, Vida y Macarena [Piano];2025;AM;apple;Melodías de primavera (feat. Javier López Mansilla);https://music.apple.com/es/album/esperanza-vida-y-macarena-feat-javier-l%C3%B3pez-mansilla-piano/1823659952?i=1823659961&uo=4;sin_autor_detectado,posible_popurri,posible_duplicado,banda_estreno_sin_verificar;0.784
6;AM Virgen de los Reyes;Felicitá;2024;AM;apple;Felicitá (Live) - Single;https://music.apple.com/es/album/felicit%C3%A1-live/1783827662?i=1783827663&uo=4;sin_autor_detectado,banda_estreno_sin_verificar;
6;AM Virgen de los Reyes;¡Feliz Navidad!;2008;AM;deezer;Ya Vienen los Reyes;https://www.deezer.com/track/11003733;sin_autor_detectado,banda_estreno_sin_verificar;
6;AM Virgen de los Reyes;Gitano de Sevilla (Poesía Rafa Serna);2015;AM;apple;Sevilla;https://music.apple.com/es/album/gitano-de-sevilla-poes%C3%ADa-rafa-serna/1605789655?i=1605789823&uo=4;sin_autor_detectado,banda_estreno_sin_verificar;
6;AM Virgen de los Reyes;Go West;2023;AM;apple;Tiene un Color Especial;https://music.apple.com/es/album/go-west/1723321755?i=1723322179&uo=4;sin_autor_detectado,banda_estreno_sin_verificar;
6;AM Virgen de los Reyes;Guardado para ti;2025;AM;apple;Guardado para ti (Live) - Single;https://music.apple.com/es/album/guardado-para-ti-live/1858143965?i=1858143966&uo=4;sin_autor_detectado,banda_estreno_sin_verificar;
6;AM Virgen de los Reyes;Heidi;2007;AM;apple;Para los Reyes de la Casa;https://music.apple.com/es/album/heidi/1657713137?i=1657713407&uo=4;sin_autor_detectado,banda_estreno_sin_verificar;
6;AM Virgen de los Reyes;Himno de Nazaret;2024;AM;apple;En concierto (En vivo);https://music.apple.com/es/album/himno-de-nazaret-en-vivo/1772307646?i=1772307787&uo=4;sin_autor_detectado,posible_duplicado,banda_estreno_sin_verificar;0.778
6;AM Virgen de los Reyes;HUMILDAD EN PLAZA ANTONIO MAIRENA 2025;2026;AM;apple;SUENA SEVILLA, Vol. I (Directo Semana Santa);https://music.apple.com/es/album/humildad-en-plaza-antonio-mairena-2025-directo/1874796338?i=1874796567&uo=4;sin_autor_detectado,banda_estreno_sin_verificar;
6;AM Virgen de los Reyes;I Will Survive;2023;AM;apple;Tiene un Color Especial;https://music.apple.com/es/album/i-will-survive/1723321755?i=1723322187&uo=4;sin_autor_detectado,banda_estreno_sin_verificar;
6;AM Virgen de los Reyes;Inédita;2006;AM;apple;Así Sonaba Sevilla;https://music.apple.com/es/album/in%C3%A9dita/1605606350?i=1605606549&uo=4;sin_autor_detectado,banda_estreno_sin_verificar;
6;AM Virgen de los Reyes;JESÚS DESPOJADO EN EL POSTIGO 2025;2026;AM;apple;SUENA SEVILLA, Vol. I (Directo Semana Santa);https://music.apple.com/es/album/jes%C3%BAs-despojado-en-el-postigo-2025-directo/1874796338?i=1874796343&uo=4;sin_autor_detectado,banda_estreno_sin_verificar;
6;AM Virgen de los Reyes;JESÚS DESPOJADO EN LA MAGDALENA 2025;2026;AM;apple;SUENA SEVILLA, Vol. I (Directo Semana Santa);https://music.apple.com/es/album/jes%C3%BAs-despojado-en-la-magdalena-2025-directo/1874796338?i=1874796571&uo=4;sin_autor_detectado,banda_estreno_sin_verificar;
6;AM Virgen de los Reyes;JESÚS DESPOJADO LLEGANDO AL POSTIGO 2025;2026;AM;apple;SUENA SEVILLA, Vol. I (Directo Semana Santa);https://music.apple.com/es/album/jes%C3%BAs-despojado-llegando-al-postigo-2025-directo/1874796338?i=1874796350&uo=4;sin_autor_detectado,banda_estreno_sin_verificar;
6;AM Virgen de los Reyes;Jingle Bell's;2008;AM;deezer;Ya Vienen los Reyes;https://www.deezer.com/track/11003729;sin_autor_detectado,banda_estreno_sin_verificar;
6;AM Virgen de los Reyes;Julia [Piano];2025;AM;apple;Melodías de primavera (feat. Javier López Mansilla);https://music.apple.com/es/album/julia-feat-javier-l%C3%B3pez-mansilla-piano/1823659952?i=1823659957&uo=4;sin_autor_detectado,banda_estreno_sin_verificar;
6;AM Virgen de los Reyes;La Abeja Maya;2007;AM;apple;Para los Reyes de la Casa;https://music.apple.com/es/album/la-abeja-maya/1657713137?i=1657713288&uo=4;sin_autor_detectado,banda_estreno_sin_verificar;
6;AM Virgen de los Reyes;La coronación de María;2023;AM;apple;Concierto Basílica Macarena (Directo Macarena);https://music.apple.com/es/album/la-coronaci%C3%B3n-de-mar%C3%ADa-directo-macarena/1761578395?i=1761578401&uo=4;sin_autor_detectado,posible_duplicado,banda_estreno_sin_verificar;0.791
6;AM Virgen de los Reyes;LA CORONACIÓN DE MARÍA (CARA B);2026;AM;apple;LA ESPERANZA DE MARÍA (EP) - Single;https://music.apple.com/es/album/la-coronaci%C3%B3n-de-mar%C3%ADa-cara-b/1868757956?i=1868757958&uo=4;sin_autor_detectado,banda_estreno_sin_verificar;
6;AM Virgen de los Reyes;La Esperanza de María (Armónico);2023;AM;apple;La Esperanza de María (Armónico) - Single;https://music.apple.com/es/album/la-esperanza-de-mar%C3%ADa-arm%C3%B3nico/1677873022?i=1677873023&uo=4;sin_autor_detectado,posible_duplicado,banda_estreno_sin_verificar;0.824
6;AM Virgen de los Reyes;LA ESPERANZA DE MARÍA (CARA A);2026;AM;apple;LA ESPERANZA DE MARÍA (EP) - Single;https://music.apple.com/es/album/la-esperanza-de-mar%C3%ADa-cara-a/1868757956?i=1868757957&uo=4;sin_autor_detectado,posible_duplicado,banda_estreno_sin_verificar;0.857
6;AM Virgen de los Reyes;La Morocha - Banda Juvenil;2025;AM;apple;La Morocha - Banda Juvenil (Live) - Single;https://music.apple.com/es/album/la-morocha-banda-juvenil-live/1861183269?i=1861183270&uo=4;sin_autor_detectado,banda_estreno_sin_verificar;
6;AM Virgen de los Reyes;Llegan los Reyes;2023;AM;apple;Tiene un Color Especial;https://music.apple.com/es/album/llegan-los-reyes/1723321755?i=1723322177&uo=4;sin_autor_detectado,banda_estreno_sin_verificar;
6;AM Virgen de los Reyes;Llegó como llega siempre... (Poesía);1998;AM;apple;Llegó como llega siempre y Sevilla lo esperaba...;https://music.apple.com/es/album/lleg%C3%B3-como-llega-siempre-poes%C3%ADa/1605970441?i=1605970568&uo=4;sin_autor_detectado,banda_estreno_sin_verificar;
6;AM Virgen de los Reyes;Los Fruitis;2007;AM;apple;Para los Reyes de la Casa;https://music.apple.com/es/album/los-fruitis/1657713137?i=1657713469&uo=4;sin_autor_detectado,banda_estreno_sin_verificar;
6;AM Virgen de los Reyes;Los Payasos de la Tele;2023;AM;apple;Tiene un Color Especial;https://music.apple.com/es/album/los-payasos-de-la-tele/1723321755?i=1723322189&uo=4;sin_autor_detectado,banda_estreno_sin_verificar;
6;AM Virgen de los Reyes;Los Picapiedra;2007;AM;apple;Para los Reyes de la Casa;https://music.apple.com/es/album/los-picapiedra/1657713137?i=1657713346&uo=4;sin_autor_detectado,banda_estreno_sin_verificar;
6;AM Virgen de los Reyes;María de la Esperanza;2025;AM;apple;María de la Esperanza - Single;https://music.apple.com/es/album/mar%C3%ADa-de-la-esperanza/1851706052?i=1851706053&uo=4;sin_autor_detectado,posible_duplicado,banda_estreno_sin_verificar;0.875
6;AM Virgen de los Reyes;Más cerca de Ti, Señor;2023;AM;apple;Concierto Basílica Macarena (Directo Macarena);https://music.apple.com/es/album/m%C3%A1s-cerca-de-ti-se%C3%B1or-directo-macarena/1761578395?i=1761578396&uo=4;sin_autor_detectado,posible_duplicado,banda_estreno_sin_verificar;0.8
6;AM Virgen de los Reyes;Noche de Navidad;2008;AM;deezer;Ya Vienen los Reyes;https://www.deezer.com/track/11003730;sin_autor_detectado,banda_estreno_sin_verificar;
6;AM Virgen de los Reyes;Noche de Paz;2008;AM;deezer;Ya Vienen los Reyes;https://www.deezer.com/track/11003722;sin_autor_detectado,banda_estreno_sin_verificar;
6;AM Virgen de los Reyes;Nostalgia en Primavera (Pasodoble);2023;AM;apple;Nostalgia en Primavera (Pasodoble) - Single;https://music.apple.com/es/album/nostalgia-en-primavera-pasodoble/1672396832?i=1672396833&uo=4;sin_autor_detectado,banda_estreno_sin_verificar;
6;AM Virgen de los Reyes;Pasa el Rey de los Reyes;2023;AM;apple;Concierto Basílica Macarena (Directo Macarena);https://music.apple.com/es/album/pasa-el-rey-de-los-reyes-directo-macarena/1761578395?i=1761578404&uo=4;sin_autor_detectado,posible_duplicado,banda_estreno_sin_verificar;0.884
6;AM Virgen de los Reyes;Pastores Venid;2008;AM;deezer;Ya Vienen los Reyes;https://www.deezer.com/track/11003724;sin_autor_detectado,banda_estreno_sin_verificar;
6;AM Virgen de los Reyes;Piedad Nazarena;2017;AM;apple;Piedad Nazarena - Single;https://music.apple.com/es/album/piedad-nazarena/1654962169?i=1654962170&uo=4;sin_autor_detectado,posible_duplicado,banda_estreno_sin_verificar;0.765
6;AM Virgen de los Reyes;Popurrí Infantil;2007;AM;apple;Para los Reyes de la Casa;https://music.apple.com/es/album/popurr%C3%AD-infantil/1657713137?i=1657713527&uo=4;sin_autor_detectado,posible_popurri,banda_estreno_sin_verificar;
6;AM Virgen de los Reyes;Príncipe Alí;2023;AM;apple;Tiene un Color Especial;https://music.apple.com/es/album/pr%C3%ADncipe-al%C3%AD/1723321755?i=1723322191&uo=4;sin_autor_detectado,banda_estreno_sin_verificar;
6;AM Virgen de los Reyes;Recuérdame Contigo;2025;AM;apple;Luz de Vida (Concierto Completo) [Live];https://music.apple.com/es/album/recu%C3%A9rdame-contigo-live/1798392649?i=1798392658&uo=4;sin_autor_detectado,posible_duplicado,banda_estreno_sin_verificar;0.757
6;AM Virgen de los Reyes;RESURRECCIÓN EN LA CUESTA DEL BACALAO 2025;2026;AM;apple;SUENA SEVILLA, Vol. I (Directo Semana Santa);https://music.apple.com/es/album/resurrecci%C3%B3n-en-la-cuesta-del-bacalao-2025-directo/1874796338?i=1874796351&uo=4;sin_autor_detectado,banda_estreno_sin_verificar;
6;AM Virgen de los Reyes;RESURRECCIÓN EN LA CUESTA DEL ROSARIO 2025;2026;AM;apple;SUENA SEVILLA, Vol. I (Directo Semana Santa);https://music.apple.com/es/album/resurrecci%C3%B3n-en-la-cuesta-del-rosario-2025-directo/1874796338?i=1874796341&uo=4;sin_autor_detectado,banda_estreno_sin_verificar;
6;AM Virgen de los Reyes;Ritmo de Percusión;2023;AM;apple;Tiene un Color Especial;https://music.apple.com/es/album/ritmo-de-percusi%C3%B3n/1723321755?i=1723322178&uo=4;sin_autor_detectado,banda_estreno_sin_verificar;
6;AM Virgen de los Reyes;SALIDA JESÚS DESPOJADO 2025;2026;AM;apple;SUENA SEVILLA, Vol. I (Directo Semana Santa);https://music.apple.com/es/album/salida-jes%C3%BAs-despojado-2025-directo/1874796338?i=1874796346&uo=4;sin_autor_detectado,banda_estreno_sin_verificar;
6;AM Virgen de los Reyes;SALIDA LAS VIÑAS 2024;2026;AM;apple;SUENA SEVILLA, Vol. I (Directo Semana Santa);https://music.apple.com/es/album/salida-las-vi%C3%B1as-2024-directo/1874796338?i=1874796352&uo=4;sin_autor_detectado,banda_estreno_sin_verificar;
6;AM Virgen de los Reyes;Salud y Buen Viaje;2024;AM;apple;Armónico (Live);https://music.apple.com/es/album/salud-y-buen-viaje-live/1765607903?i=1765607911&uo=4;sin_autor_detectado,banda_estreno_sin_verificar;
6;AM Virgen de los Reyes;Salve, Don Bosco;2026;AM;apple;CUARESMA 2026 (En Vivo);https://music.apple.com/es/album/salve-don-bosco-en-vivo-en-la-milagrosa-2026/1885929514?i=1885929685&uo=4;sin_autor_detectado,posible_duplicado,banda_estreno_sin_verificar;0.833
6;AM Virgen de los Reyes;SAN ESTEBAN EN CALLE TRAJANO 2024;2026;AM;apple;SUENA SEVILLA, Vol. I (Directo Semana Santa);https://music.apple.com/es/album/san-esteban-en-calle-trajano-2024-directo/1874796338?i=1874796568&uo=4;sin_autor_detectado,banda_estreno_sin_verificar;
6;AM Virgen de los Reyes;SAN ESTEBAN EN LA ALFALFA 2023;2026;AM;apple;SUENA SEVILLA, Vol. I (Directo Semana Santa);https://music.apple.com/es/album/san-esteban-en-la-alfalfa-2023-directo/1874796338?i=1874796347&uo=4;sin_autor_detectado,banda_estreno_sin_verificar;
6;AM Virgen de los Reyes;SAN GONZALO EN EL BARATILLO 2023;2026;AM;apple;SUENA SEVILLA, Vol. I (Directo Semana Santa);https://music.apple.com/es/album/san-gonzalo-en-el-baratillo-2023-directo/1874796338?i=1874796342&uo=4;sin_autor_detectado,banda_estreno_sin_verificar;
6;AM Virgen de los Reyes;SAN GONZALO EN LA MAGDALENA 2023;2026;AM;apple;SUENA SEVILLA, Vol. I (Directo Semana Santa);https://music.apple.com/es/album/san-gonzalo-en-la-magdalena-2023-directo/1874796338?i=1874796349&uo=4;sin_autor_detectado,banda_estreno_sin_verificar;
6;AM Virgen de los Reyes;SAN PABLO EN LA CUESTA DEL BACALAO 2025;2026;AM;apple;SUENA SEVILLA, Vol. I (Directo Semana Santa);https://music.apple.com/es/album/san-pablo-en-la-cuesta-del-bacalao-2025-directo/1874796338?i=1874796340&uo=4;sin_autor_detectado,banda_estreno_sin_verificar;
6;AM Virgen de los Reyes;Se te nota en la mirada;2023;AM;apple;Tiene un Color Especial;https://music.apple.com/es/album/se-te-nota-en-la-mirada/1723321755?i=1723322192&uo=4;sin_autor_detectado,banda_estreno_sin_verificar;
6;AM Virgen de los Reyes;Sevilla en primavera [Piano];2025;AM;apple;Melodías de primavera (feat. Javier López Mansilla);https://music.apple.com/es/album/sevilla-en-primavera-feat-javier-l%C3%B3pez-mansilla-piano/1823659952?i=1823659962&uo=4;sin_autor_detectado,posible_duplicado,banda_estreno_sin_verificar;0.87
6;AM Virgen de los Reyes;Sevilla tiene un color especial;2023;AM;apple;Tiene un Color Especial;https://music.apple.com/es/album/sevilla-tiene-un-color-especial/1723321755?i=1723322194&uo=4;sin_autor_detectado,banda_estreno_sin_verificar;
6;AM Virgen de los Reyes;Supercalifragilisticoespialidoso;2007;AM;apple;Para los Reyes de la Casa;https://music.apple.com/es/album/supercalifragilisticoespialidoso/1657713137?i=1657713436&uo=4;sin_autor_detectado,banda_estreno_sin_verificar;
6;AM Virgen de los Reyes;Tenerte;2026;AM;apple;CUARESMA 2026 (En Vivo);https://music.apple.com/es/album/tenerte-en-vivo-en-san-pablo-2026/1885929514?i=1885929689&uo=4;sin_autor_detectado,banda_estreno_sin_verificar;
6;AM Virgen de los Reyes;Teresa Rabal;2007;AM;apple;Para los Reyes de la Casa;https://music.apple.com/es/album/teresa-rabal/1657713137?i=1657713468&uo=4;sin_autor_detectado,banda_estreno_sin_verificar;
6;AM Virgen de los Reyes;Un Sentimiento que nos Une;2020;AM;apple;Yo me quedo en casa (En Vivo);https://music.apple.com/es/album/un-sentimiento-que-nos-une-en-vivo/1605613224?i=1605613233&uo=4;sin_autor_detectado,banda_estreno_sin_verificar;
6;AM Virgen de los Reyes;Vida y Alegría;2025;AM;apple;Luz de Vida (Concierto Completo) [Live];https://music.apple.com/es/album/vida-y-alegr%C3%ADa-live/1798392649?i=1798392650&uo=4;sin_autor_detectado,banda_estreno_sin_verificar;
6;AM Virgen de los Reyes;Voy a ser el Rey León;2007;AM;apple;Para los Reyes de la Casa;https://music.apple.com/es/album/voy-a-ser-el-rey-le%C3%B3n/1657713137?i=1657713286&uo=4;sin_autor_detectado,banda_estreno_sin_verificar;
6;AM Virgen de los Reyes;Y Llegó Como Llega Siempre;2023;AM;deezer;Llegó Como Llega Siempre y Sevilla lo Esperaba...;https://www.deezer.com/track/2485428131;sin_autor_detectado,banda_estreno_sin_verificar;
6;AM Virgen de los Reyes;Y si voy a morir;2024;AM;apple;Y si voy a morir - Single;https://music.apple.com/es/album/y-si-voy-a-morir/1743117789?i=1743117793&uo=4;sin_autor_detectado,banda_estreno_sin_verificar;
5;BCT Centuria Romana Macarena;A la Sevilla Romana;2024;CCTT;apple;A la Sevilla Romana - Single;https://music.apple.com/es/album/a-la-sevilla-romana/1735349370?i=1735349371&uo=4;sin_autor_detectado,posible_duplicado,banda_estreno_sin_verificar;0.848
5;BCT Centuria Romana Macarena;Abelardo;2005;CCTT;apple;Centuria Romana Macarena;https://music.apple.com/es/album/abelardo/1738454577?i=1738455850&uo=4;sin_autor_detectado,banda_estreno_sin_verificar;
5;BCT Centuria Romana Macarena;Basílica de la Macarena;2005;CCTT;apple;Centuria Romana Macarena;https://music.apple.com/es/album/bas%C3%ADlica-de-la-macarena/1738454577?i=1738455550&uo=4;sin_autor_detectado,posible_duplicado,banda_estreno_sin_verificar;0.756
5;BCT Centuria Romana Macarena;Centuria Romana;2005;CCTT;apple;Centuria Romana Macarena;https://music.apple.com/es/album/centuria-romana/1738454577?i=1738455532&uo=4;sin_autor_detectado,posible_duplicado,banda_estreno_sin_verificar;0.769
5;BCT Centuria Romana Macarena;Cerca de ti, Señor;2026;CCTT;apple;Cerca de ti, Señor (en directo) - Single;https://music.apple.com/es/album/cerca-de-ti-se%C3%B1or-en-directo/1882854676?i=1882854678&uo=4;sin_autor_detectado,posible_duplicado,banda_estreno_sin_verificar;0.786
5;BCT Centuria Romana Macarena;Comentario;2005;CCTT;apple;Centuria Romana Macarena;https://music.apple.com/es/album/comentario/1738454577?i=1738455319&uo=4;sin_autor_detectado,banda_estreno_sin_verificar;
5;BCT Centuria Romana Macarena;Comentario 2;2005;CCTT;apple;Centuria Romana Macarena;https://music.apple.com/es/album/comentario-2/1738454577?i=1738456067&uo=4;sin_autor_detectado,banda_estreno_sin_verificar;
5;BCT Centuria Romana Macarena;Consolacion y Lagrimas;1991;CCTT;deezer;Aniversario;https://www.deezer.com/track/1422287732;sin_autor_detectado,posible_duplicado,banda_estreno_sin_verificar;0.857
5;BCT Centuria Romana Macarena;Costaleros Macarenos;2023;CCTT;apple;Costaleros Macarenos - Single;https://music.apple.com/es/album/costaleros-macarenos/1723116591?i=1723116592&uo=4;sin_autor_detectado,posible_duplicado,banda_estreno_sin_verificar;0.8
5;BCT Centuria Romana Macarena;De Híspalis a Roma;2023;CCTT;apple;De Híspalis a Roma - Single;https://music.apple.com/es/album/de-h%C3%ADspalis-a-roma/1723091787?i=1723091788&uo=4;sin_autor_detectado,banda_estreno_sin_verificar;
5;BCT Centuria Romana Macarena;El Pelao;2005;CCTT;apple;Centuria Romana Macarena;https://music.apple.com/es/album/el-pelao/1738454577?i=1738455327&uo=4;sin_autor_detectado,banda_estreno_sin_verificar;
5;BCT Centuria Romana Macarena;Eterna,Macarena;2024;CCTT;apple;Eterna,Macarena - Single;https://music.apple.com/es/album/eterna-macarena/1786488751?i=1786488752&uo=4;sin_autor_detectado,posible_duplicado,banda_estreno_sin_verificar;0.848
5;BCT Centuria Romana Macarena;Evocacion;1991;CCTT;deezer;Marchas Cofradieras;https://www.deezer.com/track/2602150282;sin_autor_detectado,posible_duplicado,banda_estreno_sin_verificar;0.857
5;BCT Centuria Romana Macarena;Jesús el Cautivo;2001;CCTT;apple;Centuria Romana Macarena;https://music.apple.com/es/album/jes%C3%BAs-el-cautivo/1738451482?i=1738452178&uo=4;sin_autor_detectado,posible_duplicado,banda_estreno_sin_verificar;0.897
5;BCT Centuria Romana Macarena;La Lanzada;2001;CCTT;apple;Centuria Romana Macarena;https://music.apple.com/es/album/la-lanzada/1738451482?i=1738452168&uo=4;sin_autor_detectado,posible_duplicado,banda_estreno_sin_verificar;0.824
5;BCT Centuria Romana Macarena;La Virgen del Desconsuelo y Visitación;2024;CCTT;apple;La Virgen del Desconsuelo y Visitación - Single;https://music.apple.com/es/album/la-virgen-del-desconsuelo-y-visitaci%C3%B3n/1727561362?i=1727561365&uo=4;sin_autor_detectado,banda_estreno_sin_verificar;
5;BCT Centuria Romana Macarena;Llegan Los Armaos;2018;CCTT;apple;Roma;https://music.apple.com/es/album/llegan-los-armaos/1445896322?i=1445896486&uo=4;sin_autor_detectado,banda_estreno_sin_verificar;
5;BCT Centuria Romana Macarena;Real;1996;CCTT;apple;Centuria Romana Macarena;https://music.apple.com/es/album/marcha-real/1738451843?i=1738454311&uo=4;sin_autor_detectado,banda_estreno_sin_verificar;
5;BCT Centuria Romana Macarena;Rocio;1991;CCTT;deezer;Aniversario;https://www.deezer.com/track/1422287752;sin_autor_detectado,banda_estreno_sin_verificar;
5;BCT Centuria Romana Macarena;Rosario Macareno;2005;CCTT;apple;Centuria Romana Macarena;https://music.apple.com/es/album/rosario-macareno/1738454577?i=1738455834&uo=4;sin_autor_detectado,posible_duplicado,banda_estreno_sin_verificar;0.789
5;BCT Centuria Romana Macarena;Virgen del Buen Fin;1991;CCTT;deezer;Marchas Cofradieras;https://www.deezer.com/track/2602150232;sin_autor_detectado,banda_estreno_sin_verificar;
91;BCT Columna y Azotes;La Victoria de la Fe;2013;CCTT;deezer;Homenaje de la Música de las Cigarreras a Su Hermandad;https://www.deezer.com/track/72429192;sin_autor_detectado,posible_duplicado,banda_estreno_sin_verificar;0.829
91;BCT Columna y Azotes;Sagrada Victoria;2013;CCTT;deezer;Homenaje de la Música de las Cigarreras a Su Hermandad;https://www.deezer.com/track/72429198;sin_autor_detectado,posible_duplicado,banda_estreno_sin_verificar;0.8
91;BCT Columna y Azotes;Subida al Calvario;2013;CCTT;deezer;Homenaje de la Música de las Cigarreras a Su Hermandad;https://www.deezer.com/track/72429195;sin_autor_detectado,banda_estreno_sin_verificar;
113;BCT Esencia;Evocación;2023;CCTT;deezer;Concierto Teatro Cervantes de Linares 2023;https://www.deezer.com/track/3226407331;sin_autor_detectado,posible_duplicado,banda_estreno_sin_verificar;0.857
113;BCT Esencia;La Lanzada;2026;CCTT;deezer;Concierto de Esencia en el Círculo Mercantil (En Vivo 2026);https://www.deezer.com/track/4059267531;sin_autor_detectado,posible_duplicado,banda_estreno_sin_verificar;0.824
113;BCT Esencia;Los Generales;2025;CCTT;deezer;Los Generales;https://www.deezer.com/track/3758772312;sin_autor_detectado,banda_estreno_sin_verificar;
113;BCT Esencia;Paso lento de Esencia en el Consuelo;2026;CCTT;deezer;Paso lento de Esencia en el Consuelo (En Vivo 2025);https://www.deezer.com/track/3974770711;sin_autor_detectado,banda_estreno_sin_verificar;
113;BCT Esencia;Paso lento de Esencia en el Rosario de San Vicente;2019;CCTT;deezer;Paso lento de Esencia en el Rosario de San Vicente (En Vivo 2019);https://www.deezer.com/track/3978808911;sin_autor_detectado,banda_estreno_sin_verificar;
113;BCT Esencia;Paso lento de Esencia en Los Dolores;2026;CCTT;deezer;Paso lento de Esencia en Los Dolores (En Vivo 2026);https://www.deezer.com/track/3974771191;sin_autor_detectado,banda_estreno_sin_verificar;
113;BCT Esencia;Real;2022;CCTT;deezer;Concierto Homenaje a Manuel Hidalgo Ortiz 2022;https://www.deezer.com/track/3080206661;sin_autor_detectado,banda_estreno_sin_verificar;
120;BCT Gracia;El sueño de un Tiempo;2024;CCTT;deezer;Una Palabra Tuya;https://www.deezer.com/track/2914867901;sin_autor_detectado,banda_estreno_sin_verificar;
120;BCT Gracia;Mors Mortem Superávit;2024;CCTT;deezer;Mors Mortem Superávit;https://www.deezer.com/track/2805698272;sin_autor_detectado,banda_estreno_sin_verificar;
120;BCT Gracia;Señor de la Judería;2024;CCTT;deezer;Una Palabra Tuya;https://www.deezer.com/track/2914867931;sin_autor_detectado,posible_duplicado,banda_estreno_sin_verificar;0.8
166;BCT La Esperanza;Alabemos Juntos;2022;CCTT;deezer;Guamote;https://www.deezer.com/track/2928081241;sin_autor_detectado,posible_duplicado,banda_estreno_sin_verificar;0.774
166;BCT La Esperanza;Bolero Militar;2024;CCTT;deezer;Bolero Militar (En Vivo);https://www.deezer.com/track/3473375051;sin_autor_detectado,banda_estreno_sin_verificar;
166;BCT La Esperanza;El Sueño;2022;CCTT;deezer;Concierto Bajo Palio 2022 (En Vivo);https://www.deezer.com/track/3473383251;sin_autor_detectado,posible_duplicado,banda_estreno_sin_verificar;0.75
166;BCT La Esperanza;Everything;2026;CCTT;deezer;Everything;https://www.deezer.com/track/3855874411;sin_autor_detectado,banda_estreno_sin_verificar;
166;BCT La Esperanza;Kushikuychij;2022;CCTT;deezer;Guamote;https://www.deezer.com/track/2928081201;sin_autor_detectado,banda_estreno_sin_verificar;
166;BCT La Esperanza;Kushikuyta Japirkani;2022;CCTT;deezer;Guamote;https://www.deezer.com/track/2928081261;sin_autor_detectado,banda_estreno_sin_verificar;
166;BCT La Esperanza;Kuyaj Mamita;2022;CCTT;deezer;Guamote;https://www.deezer.com/track/2928081221;sin_autor_detectado,banda_estreno_sin_verificar;
166;BCT La Esperanza;Kuyak Yayitu;2022;CCTT;deezer;Guamote;https://www.deezer.com/track/2928081211;sin_autor_detectado,banda_estreno_sin_verificar;
166;BCT La Esperanza;Lleva Sv Nombre;2023;CCTT;deezer;Lleva Sv Nombre (En Vivo);https://www.deezer.com/track/3476451251;sin_autor_detectado,banda_estreno_sin_verificar;
166;BCT La Esperanza;Mandak Dios;2022;CCTT;deezer;Guamote;https://www.deezer.com/track/2928081271;sin_autor_detectado,banda_estreno_sin_verificar;
166;BCT La Esperanza;Mi Despedida;2022;CCTT;deezer;Concierto Bajo Palio 2022 (En Vivo);https://www.deezer.com/track/3473383271;sin_autor_detectado,banda_estreno_sin_verificar;
166;BCT La Esperanza;Ñuca Dioslla;2022;CCTT;deezer;Guamote;https://www.deezer.com/track/2928081191;sin_autor_detectado,banda_estreno_sin_verificar;
166;BCT La Esperanza;Ñuca Wawalla;2022;CCTT;deezer;Guamote;https://www.deezer.com/track/2928081231;sin_autor_detectado,banda_estreno_sin_verificar;
166;BCT La Esperanza;Ñuka Kuyak Yayitu;2022;CCTT;deezer;Guamote;https://www.deezer.com/track/2928081251;sin_autor_detectado,banda_estreno_sin_verificar;
166;BCT La Esperanza;Sawarina;2022;CCTT;deezer;Guamote;https://www.deezer.com/track/2928081181;sin_autor_detectado,banda_estreno_sin_verificar;
166;BCT La Esperanza;Señor Te Buscare;2022;CCTT;deezer;Guamote;https://www.deezer.com/track/2928081281;sin_autor_detectado,banda_estreno_sin_verificar;
166;BCT La Esperanza;Tukuy Llakta;2022;CCTT;deezer;Guamote;https://www.deezer.com/track/2928081171;sin_autor_detectado,banda_estreno_sin_verificar;
166;BCT La Esperanza;Y murió por Amor;2022;CCTT;deezer;Concierto Bajo Palio 2022 (En Vivo);https://www.deezer.com/track/3473383261;sin_autor_detectado,posible_duplicado,banda_estreno_sin_verificar;0.75
16;BCT Las Cigarreras;Agnus Dei (Santiago 2024);2024;CCTT;apple;Cuaresma 2024... Suena Cigarreras;https://music.apple.com/es/album/agnus-dei-santiago-2024/1747772584?i=1747774327&uo=4;sin_autor_detectado,banda_estreno_sin_verificar;
16;BCT Las Cigarreras;Agnus Dei (Santo Ángel 2025);2025;CCTT;apple;Cuaresma 2025... Suena Cigarreras;https://music.apple.com/es/album/agnus-dei-santo-%C3%A1ngel-2025/1803946564?i=1803946576&uo=4;sin_autor_detectado,banda_estreno_sin_verificar;
16;BCT Las Cigarreras;Al compás de las sevillanas;2021;CCTT;apple;Llena eres de música (Live);https://music.apple.com/es/album/al-comp%C3%A1s-de-las-sevillanas-live/1556702677?i=1556702688&uo=4;sin_autor_detectado,posible_duplicado,banda_estreno_sin_verificar;0.816
16;BCT Las Cigarreras;Al pie de tu Santa Cruz (Santo Ángel 2025);2025;CCTT;apple;Cuaresma 2025... Suena Cigarreras;https://music.apple.com/es/album/al-pie-de-tu-santa-cruz-santo-%C3%A1ngel-2025/1803946564?i=1803946573&uo=4;sin_autor_detectado,banda_estreno_sin_verificar;
16;BCT Las Cigarreras;Amazing Grace;1994;CCTT;deezer;Pasión y Música;https://www.deezer.com/track/3199685051;sin_autor_detectado,banda_estreno_sin_verificar;
16;BCT Las Cigarreras;Amor de Madre (San Gonzalo 2025);2025;CCTT;apple;Cuaresma 2025... Suena Cigarreras;https://music.apple.com/es/album/amor-de-madre-san-gonzalo-2025/1803946564?i=1803946567&uo=4;sin_autor_detectado,banda_estreno_sin_verificar;
16;BCT Las Cigarreras;Ante Caifás... El Hijo de Dios (Santiago 2024);2024;CCTT;apple;Cuaresma 2024... Suena Cigarreras;https://music.apple.com/es/album/ante-caif%C3%A1s-el-hijo-de-dios-santiago-2024/1747772584?i=1747774550&uo=4;sin_autor_detectado,posible_duplicado,banda_estreno_sin_verificar;0.794
16;BCT Las Cigarreras;Ave María (Los Estudiantes 2024);2024;CCTT;apple;Cuaresma 2024... Suena Cigarreras;https://music.apple.com/es/album/ave-mar%C3%ADa-los-estudiantes-2024/1747772584?i=1747773472&uo=4;sin_autor_detectado,banda_estreno_sin_verificar;
16;BCT Las Cigarreras;Cigarreros por la Gracia de Dios;2021;CCTT;apple;Llena eres de música (Live);https://music.apple.com/es/album/cigarreros-por-la-gracia-de-dios-live/1556702677?i=1556702679&uo=4;sin_autor_detectado,posible_duplicado,banda_estreno_sin_verificar;0.792
16;BCT Las Cigarreras;Cordis Mariae (Los Estudiantes 2024);2024;CCTT;apple;Cuaresma 2024... Suena Cigarreras;https://music.apple.com/es/album/cordis-mariae-los-estudiantes-2024/1747772584?i=1747773494&uo=4;sin_autor_detectado,banda_estreno_sin_verificar;
16;BCT Las Cigarreras;Cristo del Soberano Poder (San Gonzalo 2024);2024;CCTT;apple;Galardón Madre Cigarrera 2024;https://music.apple.com/es/album/cristo-del-soberano-poder-san-gonzalo-2024/1786202111?i=1786202112&uo=4;sin_autor_detectado,banda_estreno_sin_verificar;
16;BCT Las Cigarreras;Crucifixus (Santo Ángel 2025);2025;CCTT;apple;Cuaresma 2025... Suena Cigarreras;https://music.apple.com/es/album/crucifixus-santo-%C3%A1ngel-2025/1803946564?i=1803946578&uo=4;sin_autor_detectado,banda_estreno_sin_verificar;
16;BCT Las Cigarreras;De canela y clavo;2024;CCTT;deezer;De canela y clavo (Live);https://www.deezer.com/track/2814052832;sin_autor_detectado,banda_estreno_sin_verificar;
16;BCT Las Cigarreras;Divina Pastora de Cantillana (Los Gitanos 2024);2024;CCTT;apple;Cuaresma 2024... Suena Cigarreras;https://music.apple.com/es/album/divina-pastora-de-cantillana-los-gitanos-2024/1747772584?i=1747772840&uo=4;sin_autor_detectado,posible_duplicado,banda_estreno_sin_verificar;0.767
16;BCT Las Cigarreras;Ego Sum (San Gonzalo 2024);2024;CCTT;apple;Galardón Madre Cigarrera 2024;https://music.apple.com/es/album/ego-sum-san-gonzalo-2024/1786202111?i=1786202114&uo=4;sin_autor_detectado,banda_estreno_sin_verificar;
16;BCT Las Cigarreras;El Cachorro (San Jacinto 2025);2025;CCTT;apple;Cuaresma 2025... Suena Cigarreras;https://music.apple.com/es/album/el-cachorro-san-jacinto-2025/1803946564?i=1803946579&uo=4;sin_autor_detectado,banda_estreno_sin_verificar;
16;BCT Las Cigarreras;El fandango cigarrero;2021;CCTT;apple;Llena eres de música (Live);https://music.apple.com/es/album/el-fandango-cigarrero-live/1556702677?i=1556702689&uo=4;sin_autor_detectado,banda_estreno_sin_verificar;
16;BCT Las Cigarreras;El romerito;2024;CCTT;deezer;El romerito;https://www.deezer.com/track/2872679812;sin_autor_detectado,banda_estreno_sin_verificar;
16;BCT Las Cigarreras;El Santísimo Cristo del Amor (Santiago 2024);2024;CCTT;apple;Cuaresma 2024... Suena Cigarreras;https://music.apple.com/es/album/el-sant%C3%ADsimo-cristo-del-amor-santiago-2024/1747772584?i=1747773950&uo=4;sin_autor_detectado,posible_duplicado,banda_estreno_sin_verificar;0.784
16;BCT Las Cigarreras;En mis recuerdos... (Los Gitanos 2024);2024;CCTT;apple;Cuaresma 2024... Suena Cigarreras;https://music.apple.com/es/album/en-mis-recuerdos-los-gitanos-2024/1747772584?i=1747773232&uo=4;sin_autor_detectado,banda_estreno_sin_verificar;
16;BCT Las Cigarreras;En tu Buena Muerte (Los Estudiantes 2024);2024;CCTT;apple;Cuaresma 2024... Suena Cigarreras;https://music.apple.com/es/album/en-tu-buena-muerte-los-estudiantes-2024/1747772584?i=1747773629&uo=4;sin_autor_detectado,banda_estreno_sin_verificar;
16;BCT Las Cigarreras;Gath Shemânîm (Santiago 2024);2024;CCTT;apple;Cuaresma 2024... Suena Cigarreras;https://music.apple.com/es/album/gath-shem%C3%A2n%C3%AEm-santiago-2024/1747772584?i=1747774558&uo=4;sin_autor_detectado,banda_estreno_sin_verificar;
16;BCT Las Cigarreras;Gath Shemânîm (Santo Ángel 2025);2025;CCTT;apple;Cuaresma 2025... Suena Cigarreras;https://music.apple.com/es/album/gath-shem%C3%A2n%C3%AEm-santo-%C3%A1ngel-2025/1803946564?i=1803946577&uo=4;sin_autor_detectado,banda_estreno_sin_verificar;
16;BCT Las Cigarreras;Gonna fly now;2021;CCTT;apple;Llena eres de música (Live);https://music.apple.com/es/album/gonna-fly-now-live/1556702677?i=1556702684&uo=4;sin_autor_detectado,banda_estreno_sin_verificar;
16;BCT Las Cigarreras;Inspiración (Los Gitanos 2024);2024;CCTT;apple;Cuaresma 2024... Suena Cigarreras;https://music.apple.com/es/album/inspiraci%C3%B3n-los-gitanos-2024/1747772584?i=1747772862&uo=4;sin_autor_detectado,banda_estreno_sin_verificar;
16;BCT Las Cigarreras;Jackson Eternal;2021;CCTT;apple;Llena eres de música (Live);https://music.apple.com/es/album/jackson-eternal-live/1556702677?i=1556702687&uo=4;sin_autor_detectado,banda_estreno_sin_verificar;
16;BCT Las Cigarreras;La Cruz Gitana (Los Gitanos 2024);2024;CCTT;apple;Cuaresma 2024... Suena Cigarreras;https://music.apple.com/es/album/la-cruz-gitana-los-gitanos-2024/1747772584?i=1747772585&uo=4;sin_autor_detectado,banda_estreno_sin_verificar;
16;BCT Las Cigarreras;La Malagueña Cigarrera;2024;CCTT;deezer;La Malagueña Cigarrera (Estreno 2024);https://www.deezer.com/track/3090689281;sin_autor_detectado,banda_estreno_sin_verificar;
16;BCT Las Cigarreras;La Victoria de la Fe;2013;CCTT;deezer;Homenaje de la música de Las Cigarreras a su Hermandad;https://www.deezer.com/track/2295688685;sin_autor_detectado,posible_duplicado,banda_estreno_sin_verificar;0.829
16;BCT Las Cigarreras;Las olas del Danubio;2021;CCTT;apple;Llena eres de música (Live);https://music.apple.com/es/album/las-olas-del-danubio-live/1556702677?i=1556702683&uo=4;sin_autor_detectado,banda_estreno_sin_verificar;
16;BCT Las Cigarreras;Le Toca a tu Corazón;2015;CCTT;apple;Le Toca a tu Corazón (feat. Las Cigarreras) [Single Version] [Single Version];https://music.apple.com/es/album/le-toca-a-tu-coraz%C3%B3n-feat-las-cigarreras-single-version/1587919033?i=1587919037&uo=4;sin_autor_detectado,banda_estreno_sin_verificar;
16;BCT Las Cigarreras;Los costaleros;2021;CCTT;apple;Llena eres de música (Live);https://music.apple.com/es/album/los-costaleros-live/1556702677?i=1556702696&uo=4;sin_autor_detectado,posible_duplicado,banda_estreno_sin_verificar;0.833
16;BCT Las Cigarreras;Los juicios del Hijo de Dios (Tetralogía);2025;CCTT;deezer;Cuaresma 2025... Suena Cigarreras;https://www.deezer.com/track/3291512091;sin_autor_detectado,banda_estreno_sin_verificar;
16;BCT Las Cigarreras;Los juicios del Hijo de Dios (Tetralogía) [San Jacinto 2025];2025;CCTT;apple;Cuaresma 2025... Suena Cigarreras;https://music.apple.com/es/album/los-juicios-del-hijo-de-dios-tetralog%C3%ADa-san-jacinto-2025/1803946564?i=1803946730&uo=4;sin_autor_detectado,banda_estreno_sin_verificar;
16;BCT Las Cigarreras;Luz de Misericordia (Santo Ángel 2025);2025;CCTT;apple;Cuaresma 2025... Suena Cigarreras;https://music.apple.com/es/album/luz-de-misericordia-santo-%C3%A1ngel-2025/1803946564?i=1803946574&uo=4;sin_autor_detectado,banda_estreno_sin_verificar;
16;BCT Las Cigarreras;Madre de Dios (Los Estudiantes 2024);2024;CCTT;apple;Cuaresma 2024... Suena Cigarreras;https://music.apple.com/es/album/madre-de-dios-los-estudiantes-2024/1747772584?i=1747773486&uo=4;sin_autor_detectado,banda_estreno_sin_verificar;
16;BCT Las Cigarreras;Maestro (Santo Ángel 2025);2025;CCTT;apple;Cuaresma 2025... Suena Cigarreras;https://music.apple.com/es/album/maestro-santo-%C3%A1ngel-2025/1803946564?i=1803946572&uo=4;sin_autor_detectado,banda_estreno_sin_verificar;
16;BCT Las Cigarreras;María, Reina y Madre (Santiago 2024);2024;CCTT;apple;Cuaresma 2024... Suena Cigarreras;https://music.apple.com/es/album/mar%C3%ADa-reina-y-madre-santiago-2024/1747772584?i=1747774317&uo=4;sin_autor_detectado,posible_popurri,banda_estreno_sin_verificar;
16;BCT Las Cigarreras;Más cerca, oh Dios, de ti;2026;CCTT;deezer;Cuaresma 2026... Suena Cigarreras;https://www.deezer.com/track/3905984881;sin_autor_detectado,banda_estreno_sin_verificar;
16;BCT Las Cigarreras;Mi Cristo de recogía (San Gonzalo 2025);2025;CCTT;apple;Cuaresma 2025... Suena Cigarreras;https://music.apple.com/es/album/mi-cristo-de-recog%C3%ADa-san-gonzalo-2025/1803946564?i=1803946565&uo=4;sin_autor_detectado,banda_estreno_sin_verificar;
16;BCT Las Cigarreras;Noches de Adra;2021;CCTT;apple;Llena eres de música (Live);https://music.apple.com/es/album/noches-de-adra-live/1556702677?i=1556702686&uo=4;sin_autor_detectado,banda_estreno_sin_verificar;
16;BCT Las Cigarreras;Nuestra Señora de Consolación y Lágrimas (Santiago 2024);2024;CCTT;apple;Cuaresma 2024... Suena Cigarreras;https://music.apple.com/es/album/nuestra-se%C3%B1ora-de-consolaci%C3%B3n-y-l%C3%A1grimas-santiago-2024/1747772584?i=1747773959&uo=4;sin_autor_detectado,posible_duplicado,banda_estreno_sin_verificar;0.851
16;BCT Las Cigarreras;Oración de Gloria (San Gonzalo 2024);2024;CCTT;apple;Galardón Madre Cigarrera 2024;https://music.apple.com/es/album/oraci%C3%B3n-de-gloria-san-gonzalo-2024/1786202111?i=1786202115&uo=4;sin_autor_detectado,banda_estreno_sin_verificar;
16;BCT Las Cigarreras;Parade of the charioteers;2021;CCTT;apple;Llena eres de música (Live);https://music.apple.com/es/album/parade-of-the-charioteers-live/1556702677?i=1556702681&uo=4;sin_autor_detectado,banda_estreno_sin_verificar;
16;BCT Las Cigarreras;Pasión, Muerte y Resurrección (Los Estudiantes 2024);2024;CCTT;apple;Cuaresma 2024... Suena Cigarreras;https://music.apple.com/es/album/pasi%C3%B3n-muerte-y-resurrecci%C3%B3n-los-estudiantes-2024/1747772584?i=1747773254&uo=4;sin_autor_detectado,posible_popurri,banda_estreno_sin_verificar;
16;BCT Las Cigarreras;Real;2022;CCTT;deezer;IX Ciclo de Conciertos «Manolo Pardo… In Memoriam»;https://www.deezer.com/track/1701602827;sin_autor_detectado,banda_estreno_sin_verificar;
16;BCT Las Cigarreras;Real y Hasta siempre, Soberano (San Gonzalo 2024);2024;CCTT;apple;Galardón Madre Cigarrera 2024;https://music.apple.com/es/album/marcha-real-y-hasta-siempre-soberano-san-gonzalo-2024/1786202111?i=1786202118&uo=4;sin_autor_detectado,banda_estreno_sin_verificar;
16;BCT Las Cigarreras;Refúgiame (Santiago 2024);2024;CCTT;apple;Cuaresma 2024... Suena Cigarreras;https://music.apple.com/es/album/ref%C3%BAgiame-santiago-2024/1747772584?i=1747774310&uo=4;sin_autor_detectado,banda_estreno_sin_verificar;
16;BCT Las Cigarreras;Réquiem (Los Estudiantes 2024);2024;CCTT;apple;Cuaresma 2024... Suena Cigarreras;https://music.apple.com/es/album/r%C3%A9quiem-los-estudiantes-2024/1747772584?i=1747773634&uo=4;sin_autor_detectado,banda_estreno_sin_verificar;
16;BCT Las Cigarreras;Sagrada Victoria;2013;CCTT;deezer;Homenaje de la música de Las Cigarreras a su Hermandad;https://www.deezer.com/track/2295688775;sin_autor_detectado,posible_duplicado,banda_estreno_sin_verificar;0.8
16;BCT Las Cigarreras;Salve de la Misa del Alba;2022;CCTT;deezer;IX Ciclo de Conciertos «Manolo Pardo… In Memoriam»;https://www.deezer.com/track/1701602727;sin_autor_detectado,banda_estreno_sin_verificar;
16;BCT Las Cigarreras;Sanctae Crucis (Santo Ángel 2025);2025;CCTT;apple;Cuaresma 2025... Suena Cigarreras;https://music.apple.com/es/album/sanctae-crucis-santo-%C3%A1ngel-2025/1803946564?i=1803946575&uo=4;sin_autor_detectado,banda_estreno_sin_verificar;
16;BCT Las Cigarreras;Señor de Sevilla (San Gonzalo 2025);2025;CCTT;apple;Cuaresma 2025... Suena Cigarreras;https://music.apple.com/es/album/se%C3%B1or-de-sevilla-san-gonzalo-2025/1803946564?i=1803946568&uo=4;sin_autor_detectado,banda_estreno_sin_verificar;
16;BCT Las Cigarreras;Soberano (San Gonzalo 2025);2025;CCTT;apple;Cuaresma 2025... Suena Cigarreras;https://music.apple.com/es/album/soberano-san-gonzalo-2025/1803946564?i=1803946570&uo=4;sin_autor_detectado,banda_estreno_sin_verificar;
16;BCT Las Cigarreras;Sobre los pies te lleva Sevilla (Los Gitanos 2024);2024;CCTT;apple;Cuaresma 2024... Suena Cigarreras;https://music.apple.com/es/album/sobre-los-pies-te-lleva-sevilla-los-gitanos-2024/1747772584?i=1747772849&uo=4;sin_autor_detectado,posible_duplicado,banda_estreno_sin_verificar;0.785
16;BCT Las Cigarreras;Sobre los pies te lleva Sevilla (San Gonzalo 2025);2025;CCTT;apple;Cuaresma 2025... Suena Cigarreras;https://music.apple.com/es/album/sobre-los-pies-te-lleva-sevilla-san-gonzalo-2025/1803946564?i=1803946569&uo=4;sin_autor_detectado,posible_duplicado,banda_estreno_sin_verificar;0.785
16;BCT Las Cigarreras;Subida al Calvario;2013;CCTT;deezer;Homenaje de la música de Las Cigarreras a su Hermandad;https://www.deezer.com/track/2295688725;sin_autor_detectado,banda_estreno_sin_verificar;
16;BCT Las Cigarreras;The Throne Room;2021;CCTT;apple;Llena eres de música (Live);https://music.apple.com/es/album/the-throne-room-live/1556702677?i=1556702685&uo=4;sin_autor_detectado,banda_estreno_sin_verificar;
16;BCT Las Cigarreras;Un cielo para mí Virgen (San Gonzalo 2024);2024;CCTT;apple;Galardón Madre Cigarrera 2024;https://music.apple.com/es/album/un-cielo-para-m%C3%AD-virgen-san-gonzalo-2024/1786202111?i=1786202116&uo=4;sin_autor_detectado,banda_estreno_sin_verificar;
16;BCT Las Cigarreras;Virgen de la Salud (San Gonzalo 2024);2024;CCTT;apple;Galardón Madre Cigarrera 2024;https://music.apple.com/es/album/virgen-de-la-salud-san-gonzalo-2024/1786202111?i=1786202113&uo=4;sin_autor_detectado,banda_estreno_sin_verificar;
16;BCT Las Cigarreras;Virgen de la Victoria (Santiago 2024);2024;CCTT;apple;Cuaresma 2024... Suena Cigarreras;https://music.apple.com/es/album/virgen-de-la-victoria-santiago-2024/1747772584?i=1747774160&uo=4;sin_autor_detectado,posible_duplicado,banda_estreno_sin_verificar;0.75
16;BCT Las Cigarreras;Y en la otra orilla...;2024;CCTT;deezer;Cuaresma 2024... Suena Cigarreras;https://www.deezer.com/track/2814089642;sin_autor_detectado,banda_estreno_sin_verificar;
16;BCT Las Cigarreras;Y en la otra orilla... (Los Gitanos 2024);2024;CCTT;apple;Cuaresma 2024... Suena Cigarreras;https://music.apple.com/es/album/y-en-la-otra-orilla-los-gitanos-2024/1747772584?i=1747773067&uo=4;sin_autor_detectado,banda_estreno_sin_verificar;
16;BCT Las Cigarreras;¡Y Tú, Estrella! (San Gonzalo 2025);2025;CCTT;apple;Cuaresma 2025... Suena Cigarreras;https://music.apple.com/es/album/y-t%C3%BA-estrella-san-gonzalo-2025/1803946564?i=1803946566&uo=4;sin_autor_detectado,banda_estreno_sin_verificar;
16;BCT Las Cigarreras;Yo soy (San Gonzalo 2024);2024;CCTT;apple;Galardón Madre Cigarrera 2024;https://music.apple.com/es/album/yo-soy-san-gonzalo-2024/1786202111?i=1786202117&uo=4;sin_autor_detectado,banda_estreno_sin_verificar;
23;BCT Presentación al Pueblo;En la Noche de Triana;2023;CCTT;deezer;En la Noche de Triana;https://www.deezer.com/track/2400623305;sin_autor_detectado,banda_estreno_sin_verificar;
23;BCT Presentación al Pueblo;En Tu Silencio;2026;CCTT;deezer;En Tu Silencio;https://www.deezer.com/track/3919889831;sin_autor_detectado,posible_duplicado,banda_estreno_sin_verificar;0.824
23;BCT Presentación al Pueblo;L´AZAR;2024;CCTT;deezer;L´AZAR;https://www.deezer.com/track/2936834361;sin_autor_detectado,banda_estreno_sin_verificar;
23;BCT Presentación al Pueblo;Mi Dios;2022;CCTT;deezer;Mi Dios;https://www.deezer.com/track/2193413507;sin_autor_detectado,posible_duplicado,banda_estreno_sin_verificar;0.769
23;BCT Presentación al Pueblo;Por Siempre, Presentación;2022;CCTT;deezer;Por Siempre, Presentación (En Vivo);https://www.deezer.com/track/2213255877;sin_autor_detectado,posible_duplicado,banda_estreno_sin_verificar;0.809
23;BCT Presentación al Pueblo;Tu Cruz es la Verdad;2026;CCTT;deezer;Tu Cruz es la Verdad;https://www.deezer.com/track/3919881291;sin_autor_detectado,posible_duplicado,banda_estreno_sin_verificar;0.778
24;BCT Rosario;Aires de Tu Barrio;2018;CCTT;deezer;Sentirse Rosario;https://www.deezer.com/track/562374682;sin_autor_detectado,posible_duplicado,banda_estreno_sin_verificar;0.833
24;BCT Rosario;Amor Sentido;2018;CCTT;deezer;Sentirse Rosario;https://www.deezer.com/track/562374652;sin_autor_detectado,banda_estreno_sin_verificar;
24;BCT Rosario;Con el Alma;2018;CCTT;deezer;Sentirse Rosario;https://www.deezer.com/track/562374562;sin_autor_detectado,posible_duplicado,banda_estreno_sin_verificar;0.857
24;BCT Rosario;Cuando Suene Rosario...;2018;CCTT;deezer;Devoción;https://www.deezer.com/track/562374412;sin_autor_detectado,banda_estreno_sin_verificar;
24;BCT Rosario;De Cádiz... Un Rosario;2022;CCTT;deezer;De Cádiz... Un Rosario;https://www.deezer.com/track/1704911797;sin_autor_detectado,posible_duplicado,banda_estreno_sin_verificar;0.75
24;BCT Rosario;Himno Cofrade;2021;CCTT;deezer;En Nuestros Corazones;https://www.deezer.com/track/1399456662;sin_autor_detectado,posible_duplicado,banda_estreno_sin_verificar;0.75
24;BCT Rosario;Padre Jesús Nazareno;2018;CCTT;deezer;Sentirse Rosario;https://www.deezer.com/track/562374592;sin_autor_detectado,posible_duplicado,banda_estreno_sin_verificar;0.889
24;BCT Rosario;Rey Desnudo;2018;CCTT;deezer;Sentirse Rosario;https://www.deezer.com/track/562374612;sin_autor_detectado,banda_estreno_sin_verificar;
24;BCT Rosario;Sagrada Familia;2022;CCTT;deezer;Sagrada Familia;https://www.deezer.com/track/1704979717;sin_autor_detectado,banda_estreno_sin_verificar;
24;BCT Rosario;Señor de Cádiz;2022;CCTT;deezer;Señor de Cádiz;https://www.deezer.com/track/1829767897;sin_autor_detectado,posible_duplicado,banda_estreno_sin_verificar;0.812
24;BCT Rosario;Sólo Tú, Soledad;2022;CCTT;deezer;Sólo Tú, Soledad;https://www.deezer.com/track/1829775817;sin_autor_detectado,posible_duplicado,banda_estreno_sin_verificar;0.786
24;BCT Rosario;Un Nuevo Amanecer;2013;CCTT;deezer;Eternidad;https://www.deezer.com/track/562374282;sin_autor_detectado,banda_estreno_sin_verificar;
24;BCT Rosario;Una Semana Santa;2018;CCTT;deezer;Sentirse Rosario;https://www.deezer.com/track/562374672;sin_autor_detectado,posible_duplicado,banda_estreno_sin_verificar;0.857
7;BCT Sol;1;2023;CCTT;deezer;Sonidos de Sevilla (XV Aniversario);https://www.deezer.com/track/2472687431;sin_autor_detectado,banda_estreno_sin_verificar;
7;BCT Sol;Al Amanecer del Día Siguiente;2023;CCTT;deezer;Cuando la Semana Santa Empieza;https://www.deezer.com/track/2182411167;sin_autor_detectado,banda_estreno_sin_verificar;
7;BCT Sol;Asamblea;2023;CCTT;deezer;Sonidos de Sevilla (XV Aniversario);https://www.deezer.com/track/2472687521;sin_autor_detectado,banda_estreno_sin_verificar;
7;BCT Sol;Campanilleros;2023;CCTT;deezer;Sonidos de Sevilla (XV Aniversario);https://www.deezer.com/track/2472687421;sin_autor_detectado,banda_estreno_sin_verificar;
7;BCT Sol;Centuria Romana;2021;CCTT;deezer;Sones de Sol;https://www.deezer.com/track/1213311162;sin_autor_detectado,posible_duplicado,banda_estreno_sin_verificar;0.769
7;BCT Sol;Consolación y Lágrimas;1985;CCTT;deezer;Clásicos de la Música Cofrade I;https://www.deezer.com/track/581211632;sin_autor_detectado,posible_duplicado,banda_estreno_sin_verificar;0.857
7;BCT Sol;de Granaderos;2023;CCTT;deezer;Sonidos de Sevilla (XV Aniversario);https://www.deezer.com/track/2472687491;sin_autor_detectado,banda_estreno_sin_verificar;
7;BCT Sol;Diana Florera;2023;CCTT;deezer;Sonidos de Sevilla (XV Aniversario);https://www.deezer.com/track/2472687451;sin_autor_detectado,banda_estreno_sin_verificar;
7;BCT Sol;Dolorosa;1985;CCTT;deezer;Clásicos de la Música Cofrade I;https://www.deezer.com/track/581211592;sin_autor_detectado,posible_duplicado,banda_estreno_sin_verificar;0.842
7;BCT Sol;El Alto;2023;CCTT;deezer;Sonidos de Sevilla (XV Aniversario);https://www.deezer.com/track/2472687531;sin_autor_detectado,banda_estreno_sin_verificar;
7;BCT Sol;El Bando;2023;CCTT;deezer;Sonidos de Sevilla (XV Aniversario);https://www.deezer.com/track/2472687481;sin_autor_detectado,banda_estreno_sin_verificar;
7;BCT Sol;Evocación;1989;CCTT;apple;Banda de Cornetas y Tambores Nuestra Señora del Sol;https://music.apple.com/es/album/evocaci%C3%B3n/1676290216?i=1676291041&uo=4;sin_autor_detectado,posible_duplicado,banda_estreno_sin_verificar;0.857
7;BCT Sol;Fandango;2021;CCTT;deezer;Sones de Sol;https://www.deezer.com/track/1213311182;sin_autor_detectado,banda_estreno_sin_verificar;
7;BCT Sol;Gozos de la Inmaculada;2023;CCTT;deezer;Sol. XX Aniversario;https://www.deezer.com/track/2182417477;sin_autor_detectado,banda_estreno_sin_verificar;
7;BCT Sol;Himno a la Bandera;2023;CCTT;deezer;Sonidos de Sevilla (XV Aniversario);https://www.deezer.com/track/2472687441;sin_autor_detectado,banda_estreno_sin_verificar;
7;BCT Sol;Jesús Rico;1989;CCTT;apple;Banda de Cornetas y Tambores Nuestra Señora del Sol;https://music.apple.com/es/album/jes%C3%BAs-rico/1676290216?i=1676291050&uo=4;sin_autor_detectado,posible_duplicado,banda_estreno_sin_verificar;0.87
7;BCT Sol;Julio Romero de Torres;2021;CCTT;deezer;Sones de Sol;https://www.deezer.com/track/1213311172;sin_autor_detectado,banda_estreno_sin_verificar;
7;BCT Sol;La Misa;2023;CCTT;deezer;Sonidos de Sevilla (XV Aniversario);https://www.deezer.com/track/2472687501;sin_autor_detectado,banda_estreno_sin_verificar;
7;BCT Sol;La Música de la Esperanza;2024;CCTT;deezer;La Música de la Esperanza;https://www.deezer.com/track/3155066251;sin_autor_detectado,posible_duplicado,banda_estreno_sin_verificar;0.808
7;BCT Sol;La Música de Sevilla: Sonidos de la Madrugá;2025;CCTT;deezer;La Música de Sevilla: Sonidos de la Madrugá;https://www.deezer.com/track/3262126701;sin_autor_detectado,banda_estreno_sin_verificar;
7;BCT Sol;La Navegación;2012;CCTT;deezer;Sol de Pasión. Selección Musical para Semana Santa;https://www.deezer.com/track/30038611;sin_autor_detectado,banda_estreno_sin_verificar;
7;BCT Sol;La Rosa del Arenal (Rearmonización 2019);2024;CCTT;deezer;La Rosa del Arenal (Rearmonización 2019) (Live);https://www.deezer.com/track/2813286962;sin_autor_detectado,banda_estreno_sin_verificar;
7;BCT Sol;Los Soldados;2012;CCTT;deezer;Sol de Pasión. Selección Musical para Semana Santa;https://www.deezer.com/track/30038631;sin_autor_detectado,banda_estreno_sin_verificar;
7;BCT Sol;Muerte;2012;CCTT;deezer;Sol de Pasión. Selección Musical para Semana Santa;https://www.deezer.com/track/30038691;sin_autor_detectado,banda_estreno_sin_verificar;
7;BCT Sol;Noche Flamenca;2021;CCTT;deezer;Sones de Sol;https://www.deezer.com/track/1213311142;sin_autor_detectado,banda_estreno_sin_verificar;
7;BCT Sol;Palilleras;2021;CCTT;deezer;Sones de Sol;https://www.deezer.com/track/1213311152;sin_autor_detectado,banda_estreno_sin_verificar;
7;BCT Sol;Paso Ligero;2023;CCTT;deezer;Sonidos de Sevilla (XV Aniversario);https://www.deezer.com/track/2472687471;sin_autor_detectado,banda_estreno_sin_verificar;
7;BCT Sol;Piedad Coronada;2025;CCTT;deezer;Piedad Coronada;https://www.deezer.com/track/3326415341;sin_autor_detectado,banda_estreno_sin_verificar;
7;BCT Sol;Plumas por Sevilla;2021;CCTT;deezer;Sones de Sol;https://www.deezer.com/track/1213311132;sin_autor_detectado,posible_duplicado,banda_estreno_sin_verificar;0.762
7;BCT Sol;Procesión Tercera Caida;2012;CCTT;deezer;Sol de Pasión. Selección Musical para Semana Santa;https://www.deezer.com/track/30038621;sin_autor_detectado,banda_estreno_sin_verificar;
7;BCT Sol;Real;2023;CCTT;deezer;Sol. XX Aniversario;https://www.deezer.com/track/2182417517;sin_autor_detectado,banda_estreno_sin_verificar;
7;BCT Sol;Requiem a Juan Vizcaya Vargas;2023;CCTT;deezer;Sol. XX Aniversario;https://www.deezer.com/track/2182417467;sin_autor_detectado,banda_estreno_sin_verificar;
7;BCT Sol;Retreta;2023;CCTT;deezer;Sonidos de Sevilla (XV Aniversario);https://www.deezer.com/track/2472687411;sin_autor_detectado,banda_estreno_sin_verificar;
7;BCT Sol;Retreta 2;2023;CCTT;deezer;Sonidos de Sevilla (XV Aniversario);https://www.deezer.com/track/2472687511;sin_autor_detectado,banda_estreno_sin_verificar;
7;BCT Sol;Retreta y Polka;2023;CCTT;deezer;Sonidos de Sevilla (XV Aniversario);https://www.deezer.com/track/2472687461;sin_autor_detectado,banda_estreno_sin_verificar;
7;BCT Sol;Rocio;2020;CCTT;deezer;Marchas Procesionales;https://www.deezer.com/track/1144290452;sin_autor_detectado,banda_estreno_sin_verificar;
7;BCT Sol;Sevilla Eterna / A Zaragoza;2023;CCTT;deezer;Cuando la Semana Santa Empieza;https://www.deezer.com/track/2182411137;sin_autor_detectado,banda_estreno_sin_verificar;
7;BCT Sol;Soleá;1985;CCTT;deezer;Clásicos de la Música Cofrade I;https://www.deezer.com/track/581211642;sin_autor_detectado,banda_estreno_sin_verificar;
7;BCT Sol;Sones de Sol;2021;CCTT;deezer;Sones de Sol;https://www.deezer.com/track/1213311112;sin_autor_detectado,posible_duplicado,banda_estreno_sin_verificar;0.857
7;BCT Sol;Sones de Sol (Ilustración a Guitarra);1999;CCTT;apple;Sones de Sol;https://music.apple.com/es/album/sones-de-sol-ilustraci%C3%B3n-a-guitarra/1549572347?i=1549572363&uo=4;sin_autor_detectado,banda_estreno_sin_verificar;
7;BCT Sol;Voluntario;2021;CCTT;deezer;Sones de Sol;https://www.deezer.com/track/1213311202;sin_autor_detectado,banda_estreno_sin_verificar;
7;BCT Sol;Ya Huele a Semana Santa;2023;CCTT;deezer;Cuando la Semana Santa Empieza;https://www.deezer.com/track/2182411077;sin_autor_detectado,banda_estreno_sin_verificar;
20;BCT Tres Caidas;Consolación y Lágrimas;2023;CCTT;deezer;Esperanza de Triana;https://www.deezer.com/track/2213148087;sin_autor_detectado,posible_duplicado,banda_estreno_sin_verificar;0.857
20;BCT Tres Caidas;De Azahar y Esperanza;2005;CCTT;apple;Novena Trabajadera;https://music.apple.com/es/album/de-azahar-y-esperanza/1721278811?i=1721279234&uo=4;sin_autor_detectado,posible_duplicado,banda_estreno_sin_verificar;0.792
20;BCT Tres Caidas;El Manue;1993;CCTT;apple;Toques de Triana;https://music.apple.com/es/album/el-manue/1723378342?i=1723379085&uo=4;sin_autor_detectado,posible_duplicado,banda_estreno_sin_verificar;0.769
20;BCT Tres Caidas;El Recuerdo;2025;CCTT;deezer;El Recuerdo (Directo);https://www.deezer.com/track/3265370191;sin_autor_detectado,posible_duplicado,banda_estreno_sin_verificar;0.842
20;BCT Tres Caidas;Enmanuel;2004;CCTT;apple;Todo Pureza;https://music.apple.com/es/album/enmanuel/1721246938?i=1721247157&uo=4;sin_autor_detectado,banda_estreno_sin_verificar;
20;BCT Tres Caidas;Evocación;2023;CCTT;deezer;Esperanza de Triana;https://www.deezer.com/track/2213148107;sin_autor_detectado,posible_duplicado,banda_estreno_sin_verificar;0.857
20;BCT Tres Caidas;Getsemany;2023;CCTT;deezer;Esperanza de Triana;https://www.deezer.com/track/2213148137;sin_autor_detectado,banda_estreno_sin_verificar;
20;BCT Tres Caidas;Innecce;2002;CCTT;apple;A la Memoria;https://music.apple.com/es/album/innecce/1720991677?i=1720992228&uo=4;sin_autor_detectado,banda_estreno_sin_verificar;
20;BCT Tres Caidas;La Lanzada;2023;CCTT;deezer;Semana Santa en Andalucia;https://www.deezer.com/track/2173378347;sin_autor_detectado,posible_duplicado,banda_estreno_sin_verificar;0.824
20;BCT Tres Caidas;La Misión de la Esperanza;2025;CCTT;deezer;La Misión de la Esperanza;https://www.deezer.com/track/3619510932;sin_autor_detectado,posible_duplicado,banda_estreno_sin_verificar;0.84
20;BCT Tres Caidas;Niños de Triana;2017;CCTT;deezer;Caridad;https://www.deezer.com/track/437548322;sin_autor_detectado,posible_duplicado,banda_estreno_sin_verificar;0.8
20;BCT Tres Caidas;Nuestro Padre Jesús de la Misericordia;2023;CCTT;deezer;Semana Santa en Andalucia;https://www.deezer.com/track/2173378287;sin_autor_detectado,posible_duplicado,banda_estreno_sin_verificar;0.849
20;BCT Tres Caidas;Padre Nuestro Caído;2005;CCTT;apple;Novena Trabajadera;https://music.apple.com/es/album/padre-nuestro-ca%C3%ADdo/1721278811?i=1721279233&uo=4;sin_autor_detectado,posible_duplicado,banda_estreno_sin_verificar;0.812
20;BCT Tres Caidas;Penitencia;2023;CCTT;deezer;Esperanza de Triana;https://www.deezer.com/track/2213148117;sin_autor_detectado,posible_duplicado,banda_estreno_sin_verificar;0.87
20;BCT Tres Caidas;Reencuentro;2013;CCTT;deezer;Esperanza;https://www.deezer.com/track/73196691;sin_autor_detectado,posible_duplicado,banda_estreno_sin_verificar;0.88
20;BCT Tres Caidas;Saetas del Silencio;1999;CCTT;apple;La Fe;https://music.apple.com/es/album/saetas-del-silencio/1720955759?i=1720957475&uo=4;sin_autor_detectado,posible_duplicado,banda_estreno_sin_verificar;0.811
20;BCT Tres Caidas;Sinfonia Blanca de una Verde Madruga;1999;CCTT;apple;La Fe;https://music.apple.com/es/album/sinfonia-blanca-de-una-verde-madruga/1720955759?i=1720956784&uo=4;sin_autor_detectado,banda_estreno_sin_verificar;
